zone_id,lat,lon,ndvi,lst_c,built_up,road_density,green_area,exposure,heat,low_vegetation,priority_score,category,recommendations
Z001,23.31879267909526,77.47601058418516,0.2065,36.35,0.6016,0.5505,0.2275,0.5691,0.6116666666666667,0.6773684210526316,0.6001601754385966,Medium,Maintain existing green cover and monitor conditions
Z002,23.266754589353297,77.53081425610044,0.3682,35.75,0.7042,0.3941,0.3703,0.3954,0.5916666666666667,0.507157894736842,0.5522741228070175,Medium,Maintain existing green cover and monitor conditions
Z003,23.23078205153637,77.28501110750366,0.1678,36.45,0.7623,0.5876,0.2647,0.7792,0.6150000000000001,0.7181052631578947,0.6826555263157894,High,Implement permeable pavements and roadside bioswales
Z004,23.221693552690077,77.52791749024937,0.0495,39.31,0.6793,0.8012,0.1462,0.6621,0.7103333333333334,0.8426315789473684,0.7221998245614035,High,Assess suitable locations for tree canopy | Assess shaded pedestrian and mobility corridors | Identify feasible sites for new or expanded green space | Implement permeable pavements and roadside bioswales
Z005,23.184006861305225,77.43044026055234,0.434,33.84,0.7961,0.4313,0.351,0.624,0.5280000000000001,0.4378947368421052,0.5859094736842105,Medium,Maintain existing green cover and monitor conditions
Z006,23.28732952056896,77.48001047622968,0.1679,37.29,0.848,0.449,0.1951,0.7241,0.643,0.718,0.684815,High,Identify feasible sites for new or expanded green space
Z007,23.26164917252937,77.26613241287056,0.2842,36.97,0.6793,0.4426,0.2716,0.7766,0.6323333333333333,0.595578947368421,0.6335795614035088,Medium,Maintain existing green cover and monitor conditions
Z008,23.278046605074984,77.40184444669218,0.44,33.52,0.5164,0.492,0.5701,0.4585,0.5173333333333334,0.43157894736842095,0.4958995614035088,Medium,Maintain existing green cover and monitor conditions
Z009,23.20383929186985,77.43678890222424,0.0748,37.79,0.8095,0.4045,0.1779,0.5698,0.6596666666666666,0.816,0.6610033333333333,High,Assess suitable locations for tree canopy | Evaluate cool roofs and reflective surfaces | Identify feasible sites for new or expanded green space
Z010,23.38465266769331,77.34205015196186,0.0607,39.97,0.9032,0.4458,0.0794,0.8797,0.7323333333333333,0.8308421052631578,0.7640258771929823,High,Assess suitable locations for tree canopy | Evaluate cool roofs and reflective surfaces | Identify feasible sites for new or expanded green space
Z011,23.309647799082637,77.37949506243038,0.3607,34.37,0.5818,0.5391,0.2895,0.629,0.5456666666666666,0.5150526315789474,0.5631535964912281,Medium,Maintain existing green cover and monitor conditions
Z012,23.37490016434583,77.41628944058388,0.3068,35.54,0.6743,0.4814,0.335,0.4768,0.5846666666666667,0.5717894736842104,0.5741172807017544,Medium,Maintain existing green cover and monitor conditions
Z013,23.177317791508187,77.4157643819319,0.0,39.88,0.9131,0.225,0.1216,0.6049,0.7293333333333334,0.8947368421052632,0.6975003508771931,High,Assess suitable locations for tree canopy | Evaluate cool roofs and reflective surfaces | Identify feasible sites for new or expanded green space
Z014,23.30571274146404,77.26255845762205,0.1836,34.48,0.6799,0.2279,0.2736,0.4942,0.5493333333333332,0.7014736842105262,0.5407040350877192,Medium,Maintain existing green cover and monitor conditions
Z015,23.36236545466104,77.38184452997366,0.1944,39.61,0.8817,0.7751,0.0216,0.7771,0.7203333333333333,0.6901052631578948,0.7743821929824561,High,Assess suitable locations for tree canopy | Evaluate cool roofs and reflective surfaces | Assess shaded pedestrian and mobility corridors | Identify feasible sites for new or expanded green space | Implement permeable pavements and roadside bioswales
Z016,23.23273019495361,77.31414544643766,0.2494,34.51,0.5906,0.4391,0.361,0.2607,0.5503333333333332,0.6322105263157893,0.5084577192982456,Medium,Maintain existing green cover and monitor conditions
Z017,23.198785792284,77.52500852342561,0.1334,31.82,0.5001,0.2031,0.418,0.1194,0.46066666666666667,0.7543157894736842,0.4100649122807017,Medium,Maintain existing green cover and monitor conditions
Z018,23.216255326451403,77.542973997037,0.2804,34.47,0.7002,0.4078,0.1215,0.389,0.5489999999999999,0.5995789473684211,0.5466778947368421,Medium,Identify feasible sites for new or expanded green space
Z019,23.218233431687448,77.33989406890562,0.104,39.92,0.7708,0.476,0.0477,0.4368,0.7306666666666667,0.7852631578947369,0.6638796491228071,High,Assess suitable locations for tree canopy | Evaluate cool roofs and reflective surfaces | Identify feasible sites for new or expanded green space
Z020,23.26179974123088,77.30255561917532,0.238,36.83,0.6822,0.543,0.3266,0.4485,0.6276666666666666,0.6442105263157896,0.6033793859649123,Medium,Maintain existing green cover and monitor conditions
Z021,23.23149090069483,77.3158512452845,0.0,36.93,0.8456,0.2978,0.0,0.677,0.631,0.8947368421052632,0.6679436842105264,High,Identify feasible sites for new or expanded green space
Z022,23.217818518177,77.39332567660588,0.4135,30.42,0.5453,0.2154,0.407,0.3557,0.41400000000000003,0.45947368421052637,0.4128373684210526,Medium,Maintain existing green cover and monitor conditions
Z023,23.312128074601283,77.51235167973395,0.0297,38.93,0.8122,0.5404,0.1118,0.6519,0.6976666666666667,0.8634736842105263,0.7124257017543859,High,Assess suitable locations for tree canopy | Evaluate cool roofs and reflective surfaces | Identify feasible sites for new or expanded green space
Z024,23.16325809291797,77.40001086448129,0.3846,37.39,0.7308,0.436,0.3596,0.3638,0.6463333333333333,0.48989473684210516,0.5778761403508771,Medium,Maintain existing green cover and monitor conditions
Z025,23.23509094453493,77.26661761851459,0.1539,37.83,0.7856,0.5736,0.1329,0.5455,0.6609999999999999,0.7327368421052631,0.6688886842105263,High,Assess suitable locations for tree canopy | Evaluate cool roofs and reflective surfaces | Identify feasible sites for new or expanded green space | Implement permeable pavements and roadside bioswales
Z026,23.32243799148512,77.26196568081394,0.1976,38.56,0.8059,0.2965,0.2309,0.6458,0.6853333333333335,0.6867368421052631,0.651360350877193,Medium,Assess suitable locations for tree canopy | Evaluate cool roofs and reflective surfaces
Z027,23.19396243732025,77.31821728368685,0.3577,32.45,0.4151,0.3354,0.4575,0.4222,0.48166666666666674,0.5182105263157895,0.43781938596491227,Medium,Maintain existing green cover and monitor conditions
Z028,23.205231965553228,77.50283138328282,0.1067,39.75,0.8186,0.6749,0.1656,0.5512,0.725,0.7824210526315789,0.7205571052631579,High,Assess suitable locations for tree canopy | Evaluate cool roofs and reflective surfaces | Assess shaded pedestrian and mobility corridors | Identify feasible sites for new or expanded green space | Implement permeable pavements and roadside bioswales
Z029,23.20016665635323,77.43644416726055,0.3784,33.14,0.6572,0.4894,0.3651,0.5409,0.5046666666666667,0.4964210526315789,0.5451204385964912,Medium,Maintain existing green cover and monitor conditions
Z030,23.15023152668285,77.41888735613588,0.0,41.74,0.9203,0.5784,0.0215,1.0,0.7913333333333334,0.8947368421052632,0.8332753508771931,High,Assess suitable locations for tree canopy | Evaluate cool roofs and reflective surfaces | Identify feasible sites for new or expanded green space | Implement permeable pavements and roadside bioswales
Z031,23.26844193795789,77.34569087777479,0.1814,34.49,0.5782,0.3527,0.4582,0.4325,0.5496666666666667,0.7037894736842105,0.5250922807017544,Medium,Maintain existing green cover and monitor conditions
Z032,23.15973969735403,77.52882762151386,0.0622,40.11,0.8819,0.4015,0.001,0.5256,0.737,0.8292631578947368,0.7004163157894736,High,Assess suitable locations for tree canopy | Evaluate cool roofs and reflective surfaces | Identify feasible sites for new or expanded green space
Z033,23.218234952943725,77.34935347348863,0.3845,31.88,0.5305,0.3302,0.4286,0.3748,0.4626666666666666,0.4899999999999999,0.4493083333333333,Medium,Maintain existing green cover and monitor conditions
Z034,23.398700856147997,77.50048332379589,0.4885,31.91,0.4177,0.4813,0.5872,0.3847,0.46366666666666667,0.3805263157894736,0.4346609649122807,Medium,Maintain existing green cover and monitor conditions
Z035,23.37959905284757,77.51877105539276,0.2186,37.8,0.7987,0.4703,0.2371,0.5741,0.6599999999999999,0.6646315789473685,0.6537981578947368,Medium,Assess suitable locations for tree canopy | Evaluate cool roofs and reflective surfaces
Z036,23.20376895203908,77.39500050396484,0.4139,31.95,0.5259,0.1969,0.5946,0.3601,0.46499999999999997,0.45905263157894727,0.42368026315789464,Medium,Maintain existing green cover and monitor conditions
Z037,23.22750060797848,77.51828678084422,0.3844,31.97,0.4307,0.2081,0.4075,0.0939,0.4656666666666666,0.4901052631578947,0.36496885964912285,Medium,Maintain existing green cover and monitor conditions
Z038,23.265926145567136,77.33304098621731,0.0,40.17,0.9171,0.5865,0.0,0.5525,0.7390000000000001,0.8947368421052632,0.7482486842105265,High,Assess suitable locations for tree canopy | Evaluate cool roofs and reflective surfaces | Identify feasible sites for new or expanded green space | Implement permeable pavements and roadside bioswales
Z039,23.36110338666481,77.44753002785498,0.0938,35.51,0.6595,0.353,0.19,0.4615,0.5836666666666666,0.796,0.5709333333333333,Medium,Identify feasible sites for new or expanded green space
Z040,23.350661485348272,77.27638912455731,0.1469,40.31,0.7983,0.5667,0.2375,0.5958,0.7436666666666667,0.7401052631578947,0.7082438596491227,High,Assess suitable locations for tree canopy | Evaluate cool roofs and reflective surfaces | Implement permeable pavements and roadside bioswales
Z041,23.18156035914157,77.39218026422772,0.3932,37.4,0.7588,0.551,0.2548,0.5081,0.6466666666666666,0.48084210526315785,0.622982543859649,Medium,Implement permeable pavements and roadside bioswales
Z042,23.181112212087086,77.3151995406475,0.0,38.49,0.7963,0.6302,0.1834,0.6088,0.683,0.8947368421052632,0.7134486842105263,High,Assess suitable locations for tree canopy | Evaluate cool roofs and reflective surfaces | Assess shaded pedestrian and mobility corridors | Identify feasible sites for new or expanded green space | Implement permeable pavements and roadside bioswales
Z043,23.25418306347351,77.26882898337918,0.1634,38.13,0.69,0.6573,0.1512,0.5875,0.671,0.7227368421052631,0.6663436842105263,High,Assess suitable locations for tree canopy | Assess shaded pedestrian and mobility corridors | Identify feasible sites for new or expanded green space | Implement permeable pavements and roadside bioswales
Z044,23.36752384740344,77.25111765242329,0.3547,29.69,0.2705,0.3581,0.6968,0.3852,0.3896666666666667,0.5213684210526315,0.3676401754385965,Medium,Maintain existing green cover and monitor conditions
Z045,23.370521249773876,77.34742563493224,0.2393,31.04,0.4636,0.1555,0.3335,0.3021,0.43466666666666665,0.6428421052631579,0.4009575438596491,Medium,Maintain existing green cover and monitor conditions
Z046,23.17684146242163,77.42685917836103,0.3225,34.57,0.5624,0.2147,0.4879,0.451,0.5523333333333333,0.5552631578947369,0.4892979824561403,Medium,Maintain existing green cover and monitor conditions
Z047,23.293574321991382,77.38656910429535,0.07,37.42,0.8994,0.5325,0.3713,0.5915,0.6473333333333334,0.8210526315789474,0.7021219298245613,High,Maintain existing green cover and monitor conditions
Z048,23.188918799281275,77.34053078955584,0.1502,39.66,0.8686,0.4555,0.1484,0.7208,0.7219999999999999,0.7366315789473684,0.7199581578947368,High,Assess suitable locations for tree canopy | Evaluate cool roofs and reflective surfaces | Identify feasible sites for new or expanded green space
Z049,23.32153232750069,77.54736000923288,0.3742,30.67,0.4219,0.0999,0.5497,0.3345,0.4223333333333334,0.500842105263158,0.36853587719298253,Medium,Maintain existing green cover and monitor conditions
Z050,23.379108311982225,77.5318575119939,0.0,36.34,0.6307,0.3262,0.2646,0.5898,0.6113333333333334,0.8947368421052632,0.598515350877193,Medium,Maintain existing green cover and monitor conditions
Z051,23.263692323118896,77.28769599205125,0.084,40.51,0.9567,0.5003,0.0,0.8061,0.7503333333333333,0.8063157894736842,0.778383245614035,High,Assess suitable locations for tree canopy | Evaluate cool roofs and reflective surfaces | Identify feasible sites for new or expanded green space
Z052,23.17077069367301,77.37453222800055,0.2595,36.82,0.7472,0.3535,0.1546,0.625,0.6273333333333333,0.621578947368421,0.6152995614035087,Medium,Identify feasible sites for new or expanded green space
Z053,23.29481354897364,77.44465408019808,0.2136,35.82,0.7701,0.423,0.0862,0.553,0.594,0.6698947368421053,0.6138144736842105,Medium,Identify feasible sites for new or expanded green space
Z054,23.25212916753396,77.47004723925897,0.0641,40.02,0.7856,0.6706,0.0376,0.6757,0.7340000000000001,0.8272631578947368,0.7379713157894736,High,Assess suitable locations for tree canopy | Evaluate cool roofs and reflective surfaces | Assess shaded pedestrian and mobility corridors | Identify feasible sites for new or expanded green space | Implement permeable pavements and roadside bioswales
Z055,23.352724688083487,77.35991164647285,0.2837,36.82,0.7648,0.5025,0.3722,0.744,0.6273333333333333,0.5961052631578947,0.6573521929824561,Medium,Maintain existing green cover and monitor conditions
Z056,23.235086115981595,77.4738845438206,0.3887,34.12,0.6308,0.7924,0.3411,0.4787,0.5373333333333332,0.485578947368421,0.5849895614035088,Medium,Maintain existing green cover and monitor conditions
Z057,23.368724300118146,77.28724500387321,0.618,28.9,0.3392,0.2638,0.5997,0.1752,0.3633333333333333,0.24421052631578943,0.30223771929824556,Low,Maintain existing green cover and monitor conditions
Z058,23.218425101908696,77.34954378757732,0.1862,39.87,0.8494,0.4708,0.0971,0.6545,0.7289999999999999,0.6987368421052631,0.7061686842105263,High,Assess suitable locations for tree canopy | Evaluate cool roofs and reflective surfaces | Identify feasible sites for new or expanded green space
Z059,23.18937940897217,77.46492995272678,0.0023,41.47,0.8284,0.5063,0.1285,0.6859,0.7823333333333333,0.8923157894736842,0.7489782456140351,High,Assess suitable locations for tree canopy | Evaluate cool roofs and reflective surfaces | Identify feasible sites for new or expanded green space
Z060,23.226620094329643,77.43770483707812,0.3566,34.95,0.5857,0.4132,0.4486,0.3311,0.5650000000000001,0.5193684210526315,0.5077568421052632,Medium,Maintain existing green cover and monitor conditions
Z061,23.158728947955684,77.5011630644585,0.0883,38.62,0.9266,0.6293,0.0592,0.7021,0.6873333333333332,0.8017894736842105,0.7521056140350876,High,Assess suitable locations for tree canopy | Evaluate cool roofs and reflective surfaces | Assess shaded pedestrian and mobility corridors | Identify feasible sites for new or expanded green space | Implement permeable pavements and roadside bioswales
Z062,23.22031149171856,77.26405710680015,0.3912,30.44,0.165,0.473,0.7628,0.2031,0.4146666666666667,0.4829473684210527,0.33609307017543866,Medium,Maintain existing green cover and monitor conditions
Z063,23.315029408470505,77.30231751534691,0.5559,28.05,0.1786,0.013,0.6786,0.0,0.335,0.30957894736842106,0.1948078947368421,Low,Maintain existing green cover and monitor conditions
Z064,23.185570744639147,77.2645483746816,0.6011,31.04,0.3735,0.3928,0.4983,0.2893,0.43466666666666665,0.262,0.3740233333333333,Medium,Maintain existing green cover and monitor conditions
Z065,23.17784124319665,77.30763426727476,0.2238,35.91,0.5838,0.4043,0.2131,0.4278,0.5969999999999999,0.6591578947368422,0.5456307894736842,Medium,Maintain existing green cover and monitor conditions
Z066,23.183096322813583,77.25128484318988,0.1822,36.09,0.7126,0.1906,0.0465,0.4512,0.6030000000000001,0.7029473684210525,0.5557647368421053,Medium,Identify feasible sites for new or expanded green space
Z067,23.169387918565366,77.40126309050366,0.23,35.76,0.6371,0.5237,0.2823,0.7256,0.592,0.6526315789473685,0.6191331578947368,Medium,Maintain existing green cover and monitor conditions
Z068,23.36865885296073,77.40849431867048,0.1908,36.37,0.6959,0.6355,0.2642,0.394,0.6123333333333333,0.6938947368421052,0.6121061403508772,Medium,Assess shaded pedestrian and mobility corridors | Implement permeable pavements and roadside bioswales
Z069,23.38602877887413,77.4473675344218,0.1881,32.35,0.6135,0.2503,0.1999,0.307,0.4783333333333334,0.6967368421052631,0.474060350877193,Medium,Identify feasible sites for new or expanded green space
Z070,23.161640287932197,77.36547373416032,0.0,40.59,0.8978,0.5424,0.0834,0.2824,0.7530000000000001,0.8947368421052632,0.7011936842105262,High,Assess suitable locations for tree canopy | Evaluate cool roofs and reflective surfaces | Identify feasible sites for new or expanded green space
Z071,23.340017945385885,77.25096230720555,0.2077,33.34,0.5293,0.0651,0.4055,0.2617,0.5113333333333334,0.6761052631578948,0.42792219298245615,Medium,Maintain existing green cover and monitor conditions
Z072,23.3342879366793,77.4521673463223,0.223,34.82,0.5951,0.1759,0.1285,0.3417,0.5606666666666666,0.6599999999999999,0.4886483333333333,Medium,Identify feasible sites for new or expanded green space
Z073,23.399227356152508,77.26628732632437,0.3959,31.3,0.4866,0.4853,0.3449,0.3368,0.44333333333333336,0.478,0.4479316666666667,Medium,Maintain existing green cover and monitor conditions
Z074,23.236967665430267,77.50985112924532,0.1245,37.37,0.6971,0.3588,0.2982,0.6741,0.6456666666666666,0.7636842105263157,0.6315617543859648,Medium,Maintain existing green cover and monitor conditions
Z075,23.221377247922604,77.25679619631238,0.2275,39.82,0.8405,0.3349,0.1743,0.7171,0.7273333333333334,0.6552631578947368,0.6880179824561403,High,Assess suitable locations for tree canopy | Evaluate cool roofs and reflective surfaces | Identify feasible sites for new or expanded green space
Z076,23.26327053020245,77.40914253697699,0.0,40.92,0.94,0.6037,0.0,0.7266,0.764,0.8947368421052632,0.7914186842105262,High,Assess suitable locations for tree canopy | Evaluate cool roofs and reflective surfaces | Assess shaded pedestrian and mobility corridors | Identify feasible sites for new or expanded green space | Implement permeable pavements and roadside bioswales
Z077,23.364143794287298,77.51847536471566,0.2207,36.09,0.7257,0.3656,0.249,0.4712,0.6030000000000001,0.662421052631579,0.5842371052631579,Medium,Maintain existing green cover and monitor conditions
Z078,23.332148410634478,77.42174687273663,0.2908,36.25,0.7364,0.3797,0.3263,0.6907,0.6083333333333333,0.5886315789473684,0.6164398245614034,Medium,Maintain existing green cover and monitor conditions
Z079,23.267905953491876,77.43252502396318,0.4318,36.25,0.57,0.4818,0.4432,0.4595,0.6083333333333333,0.4402105263157894,0.5406327192982455,Medium,Maintain existing green cover and monitor conditions
Z080,23.211140710821468,77.45448325450123,0.1723,34.85,0.7316,0.2665,0.2186,0.3828,0.5616666666666668,0.7133684210526317,0.5482151754385965,Medium,Maintain existing green cover and monitor conditions
Z081,23.33175393531709,77.28672265431914,0.4023,32.6,0.535,0.1994,0.3484,0.1134,0.4866666666666667,0.47126315789473683,0.39812964912280707,Medium,Maintain existing green cover and monitor conditions
Z082,23.36363171701055,77.45247813024316,0.1409,36.47,0.7535,0.4891,0.1466,0.5082,0.6156666666666666,0.7464210526315789,0.6280954385964912,Medium,Identify feasible sites for new or expanded green space
Z083,23.24998780776687,77.51410646460384,0.3178,34.87,0.6544,0.565,0.3405,0.6471,0.5623333333333332,0.5602105263157894,0.5982527192982455,Medium,Implement permeable pavements and roadside bioswales
Z084,23.317146361455244,77.5422662498506,0.0807,38.71,0.7657,0.6692,0.2187,0.9682,0.6903333333333334,0.8097894736842105,0.7596306140350877,High,Assess suitable locations for tree canopy | Evaluate cool roofs and reflective surfaces | Assess shaded pedestrian and mobility corridors | Implement permeable pavements and roadside bioswales
Z085,23.25005300529415,77.3829155998075,0.3381,38.92,0.8823,0.4289,0.163,0.6458,0.6973333333333334,0.5388421052631578,0.6797308771929824,High,Assess suitable locations for tree canopy | Evaluate cool roofs and reflective surfaces | Identify feasible sites for new or expanded green space
Z086,23.26962335953537,77.35335145550326,0.4007,34.96,0.4606,0.4533,0.4717,0.2749,0.5653333333333334,0.47294736842105256,0.46954140350877194,Medium,Maintain existing green cover and monitor conditions
Z087,23.281227594988728,77.47599288467889,0.3218,35.61,0.7034,0.3114,0.334,0.3222,0.587,0.556,0.53194,Medium,Maintain existing green cover and monitor conditions
Z088,23.34393145350557,77.41286228642859,0.0764,37.14,0.639,0.6937,0.3163,0.6396,0.638,0.8143157894736842,0.6644765789473684,High,Assess shaded pedestrian and mobility corridors
Z089,23.39437649603223,77.3271913963365,0.1633,39.2,0.7071,0.2575,0.3274,0.224,0.7066666666666668,0.722842105263158,0.5686175438596491,Medium,Assess suitable locations for tree canopy | Evaluate cool roofs and reflective surfaces
Z090,23.26109154065956,77.30164736549091,0.3592,35.92,0.7332,0.6658,0.3139,0.6889,0.5973333333333334,0.5166315789473683,0.6472348245614035,Medium,Implement permeable pavements and roadside bioswales
Z091,23.2355787515619,77.30106909017782,0.1345,36.12,0.7394,0.3516,0.141,0.6542,0.6039999999999999,0.753157894736842,0.6224357894736842,Medium,Identify feasible sites for new or expanded green space
Z092,23.243397751618097,77.38775311098185,0.0,38.85,0.8744,0.853,0.0,0.8033,0.6950000000000001,0.8947368421052632,0.7997686842105263,High,Assess suitable locations for tree canopy | Evaluate cool roofs and reflective surfaces | Assess shaded pedestrian and mobility corridors | Identify feasible sites for new or expanded green space | Implement permeable pavements and roadside bioswales
Z093,23.183472267343795,77.30103732168469,0.2836,40.38,0.8996,0.6394,0.2397,0.6667,0.7460000000000001,0.5962105263157894,0.7415360526315788,High,Assess suitable locations for tree canopy | Evaluate cool roofs and reflective surfaces | Assess shaded pedestrian and mobility corridors | Implement permeable pavements and roadside bioswales
Z094,23.22423468445443,77.25591568320344,0.2339,35.22,0.5781,0.2054,0.3843,0.4829,0.574,0.6485263157894736,0.5135226315789474,Medium,Maintain existing green cover and monitor conditions
Z095,23.1716118533172,77.2656266324909,0.3651,34.91,0.4469,0.2122,0.2987,0.3468,0.5636666666666665,0.5104210526315789,0.44390043859649114,Medium,Maintain existing green cover and monitor conditions
Z096,23.25697356579481,77.52896536318589,0.2757,31.7,0.4698,0.4334,0.3793,0.2735,0.45666666666666667,0.6045263157894736,0.4437709649122807,Medium,Maintain existing green cover and monitor conditions
Z097,23.19183931732776,77.27188840234804,0.1235,42.24,0.9293,0.7295,0.1373,1.0,0.808,0.7647368421052632,0.8510236842105264,High,Assess suitable locations for tree canopy | Evaluate cool roofs and reflective surfaces | Assess shaded pedestrian and mobility corridors | Identify feasible sites for new or expanded green space | Implement permeable pavements and roadside bioswales
Z098,23.2366016864936,77.27195420717429,0.4218,32.28,0.4903,0.3084,0.4053,0.3185,0.47600000000000003,0.4507368421052631,0.42828368421052637,Medium,Maintain existing green cover and monitor conditions
Z099,23.3483944373479,77.38535653366006,0.1155,37.01,0.6179,0.397,0.2736,0.5863,0.6336666666666666,0.773157894736842,0.6010691228070175,Medium,Maintain existing green cover and monitor conditions
Z100,23.211481912647283,77.32353008470051,0.2191,34.13,0.6654,0.5373,0.4245,0.1708,0.5376666666666667,0.6641052631578948,0.5271588596491228,Medium,Maintain existing green cover and monitor conditions
Z101,23.30297365533552,77.53880815565175,0.1814,36.77,0.5615,0.3799,0.268,0.6233,0.6256666666666668,0.7037894736842105,0.5802172807017545,Medium,Maintain existing green cover and monitor conditions
Z102,23.375295354812152,77.52329575184935,0.222,36.23,0.6876,0.2212,0.1858,0.6882,0.6076666666666666,0.6610526315789473,0.5870985964912281,Medium,Identify feasible sites for new or expanded green space
Z103,23.291732296757385,77.37142297460139,0.0,39.83,0.918,0.4248,0.0908,0.6615,0.7276666666666666,0.8947368421052632,0.7366020175438597,High,Assess suitable locations for tree canopy | Evaluate cool roofs and reflective surfaces | Identify feasible sites for new or expanded green space
Z104,23.1984481531931,77.38461945582488,0.3641,30.24,0.2132,0.2049,0.7079,0.2629,0.408,0.5114736842105263,0.3174173684210526,Low,Maintain existing green cover and monitor conditions
Z105,23.236191548491487,77.36253409592267,0.4374,32.04,0.5014,0.5203,0.4734,0.5147,0.46799999999999997,0.4343157894736842,0.4878315789473684,Medium,Maintain existing green cover and monitor conditions
Z106,23.297592301796016,77.26135983499294,0.2587,35.07,0.6068,0.6423,0.4253,0.4283,0.5690000000000001,0.622421052631579,0.5736821052631579,Medium,Assess shaded pedestrian and mobility corridors
Z107,23.27665278493996,77.33785405177642,0.1084,38.0,0.7918,0.6102,0.1968,0.7097,0.6666666666666666,0.7806315789473683,0.70733149122807,High,Assess suitable locations for tree canopy | Evaluate cool roofs and reflective surfaces | Assess shaded pedestrian and mobility corridors | Identify feasible sites for new or expanded green space | Implement permeable pavements and roadside bioswales
Z108,23.187154959069225,77.2868020408836,0.2143,30.72,0.4302,0.3326,0.5333,0.22,0.424,0.6691578947368421,0.40575578947368424,Medium,Maintain existing green cover and monitor conditions
Z109,23.26169908617264,77.28071109900453,0.0967,38.8,0.7112,0.561,0.2195,0.4757,0.6933333333333332,0.7929473684210526,0.6552664035087721,Medium,Assess suitable locations for tree canopy | Evaluate cool roofs and reflective surfaces | Implement permeable pavements and roadside bioswales
Z110,23.28576667372756,77.41825847188092,0.3108,34.47,0.5186,0.2286,0.4154,0.5374,0.5489999999999999,0.567578947368421,0.4934578947368421,Medium,Maintain existing green cover and monitor conditions
Z111,23.21683317861439,77.27962945731407,0.2662,35.37,0.741,0.433,0.2309,0.699,0.579,0.6145263157894737,0.6191526315789473,Medium,Maintain existing green cover and monitor conditions
Z112,23.303111378834963,77.28087939713858,0.1918,35.15,0.6035,0.25,0.3586,0.3186,0.5716666666666667,0.6928421052631579,0.5055325438596491,Medium,Maintain existing green cover and monitor conditions
Z113,23.1675400248713,77.39415411444581,0.5625,29.83,0.4685,0.1079,0.529,0.198,0.39433333333333326,0.30263157894736836,0.33128982456140343,Medium,Maintain existing green cover and monitor conditions
Z114,23.234151758391377,77.38268470953679,0.0969,38.99,0.8059,0.5466,0.2205,0.5234,0.6996666666666668,0.7927368421052632,0.6861320175438597,High,Assess suitable locations for tree canopy | Evaluate cool roofs and reflective surfaces
Z115,23.351069208194392,77.29129043553971,0.041,38.39,0.8337,0.5382,0.1457,0.7447,0.6796666666666666,0.851578947368421,0.7239012280701753,High,Assess suitable locations for tree canopy | Evaluate cool roofs and reflective surfaces | Identify feasible sites for new or expanded green space
Z116,23.21482120022704,77.25133470744265,0.2576,35.74,0.7419,0.5681,0.1384,0.4372,0.5913333333333334,0.623578947368421,0.6055945614035088,Medium,Identify feasible sites for new or expanded green space | Implement permeable pavements and roadside bioswales
Z117,23.301294212500768,77.30789233253036,0.0731,41.71,0.9264,0.6469,0.0693,0.7711,0.7903333333333333,0.8177894736842105,0.8026956140350877,High,Assess suitable locations for tree canopy | Evaluate cool roofs and reflective surfaces | Assess shaded pedestrian and mobility corridors | Identify feasible sites for new or expanded green space | Implement permeable pavements and roadside bioswales
Z118,23.252507428427577,77.32076767625462,0.2023,35.09,0.5928,0.4149,0.3433,0.5714,0.5696666666666668,0.6817894736842105,0.5637072807017544,Medium,Maintain existing green cover and monitor conditions
Z119,23.22911503560381,77.49007453308266,0.1632,40.1,0.7425,0.5474,0.2382,0.5691,0.7366666666666667,0.7229473684210526,0.6832280701754386,High,Assess suitable locations for tree canopy | Evaluate cool roofs and reflective surfaces
Z120,23.379032921977505,77.52463150515817,0.5892,31.79,0.5477,0.3444,0.6051,0.5662,0.4596666666666666,0.27452631578947373,0.46185096491228067,Medium,Maintain existing green cover and monitor conditions
Z121,23.23581542952009,77.37178331924639,0.2446,36.12,0.7847,0.5476,0.1306,0.5621,0.6039999999999999,0.6372631578947368,0.6377563157894736,Medium,Identify feasible sites for new or expanded green space
Z122,23.209168975371757,77.37150801795029,0.1432,37.83,0.6969,0.3171,0.2998,0.4654,0.6609999999999999,0.744,0.5973499999999999,Medium,Assess suitable locations for tree canopy
Z123,23.377325328910068,77.46374438512797,0.1987,38.72,0.8073,0.5532,0.2706,0.4761,0.6906666666666667,0.6855789473684211,0.6665112280701755,High,Assess suitable locations for tree canopy | Evaluate cool roofs and reflective surfaces | Implement permeable pavements and roadside bioswales
Z124,23.336486088983957,77.43807660471141,0.3563,33.77,0.4667,0.4136,0.4631,0.536,0.5256666666666667,0.5196842105263157,0.4950667543859649,Medium,Maintain existing green cover and monitor conditions
Z125,23.320449928424548,77.30524205600803,0.1894,39.04,0.8232,0.3956,0.3841,0.4778,0.7013333333333333,0.6953684210526316,0.6518135087719297,Medium,Assess suitable locations for tree canopy | Evaluate cool roofs and reflective surfaces
Z126,23.16238373551672,77.28230673668875,0.0125,39.61,0.9271,0.5682,0.0241,0.7508,0.7203333333333333,0.881578947368421,0.7698995614035088,High,Assess suitable locations for tree canopy | Evaluate cool roofs and reflective surfaces | Identify feasible sites for new or expanded green space | Implement permeable pavements and roadside bioswales
Z127,23.182801240178943,77.38128356719652,0.5355,28.0,0.1989,0.0596,0.7133,0.1236,0.3333333333333333,0.3310526315789474,0.2269769298245614,Low,Maintain existing green cover and monitor conditions
Z128,23.309584990952413,77.41944850894883,0.5287,28.06,0.2555,0.1063,0.5529,0.022,0.3353333333333333,0.3382105263157895,0.23430771929824556,Low,Maintain existing green cover and monitor conditions
Z129,23.202358209131564,77.29161228094765,0.1685,36.4,0.8838,0.3561,0.0636,0.5279,0.6133333333333333,0.7173684210526315,0.6399535087719297,Medium,Identify feasible sites for new or expanded green space
Z130,23.206409496407588,77.33798204802254,0.2598,34.81,0.5702,0.5661,0.3902,0.6911,0.5603333333333335,0.6212631578947367,0.5893729824561403,Medium,Maintain existing green cover and monitor conditions
Z131,23.3447846288359,77.34178289892917,0.2838,37.21,0.6209,0.562,0.4069,0.5433,0.6403333333333333,0.596,0.6047366666666666,Medium,Maintain existing green cover and monitor conditions
Z132,23.221481237209236,77.32838946030725,0.51,30.45,0.3418,0.324,0.5914,0.1347,0.415,0.35789473684210527,0.3352944736842105,Medium,Maintain existing green cover and monitor conditions
Z133,23.167896825537976,77.38822837988754,0.2785,34.32,0.6195,0.7063,0.4493,0.5941,0.544,0.601578947368421,0.6004928947368421,Medium,Assess shaded pedestrian and mobility corridors
Z134,23.159107986827465,77.44591907529592,0.1977,35.08,0.7711,0.4438,0.1851,0.5517,0.5693333333333332,0.6866315789473685,0.6100298245614035,Medium,Identify feasible sites for new or expanded green space
Z135,23.26079449681132,77.4028169650848,0.0359,43.82,0.8908,1.0,0.0596,1.0,0.8606666666666667,0.8569473684210526,0.9096280701754387,High,Assess suitable locations for tree canopy | Evaluate cool roofs and reflective surfaces | Assess shaded pedestrian and mobility corridors | Identify feasible sites for new or expanded green space | Implement permeable pavements and roadside bioswales
Z136,23.30428214442116,77.31043696867421,0.1268,39.85,0.9671,0.5455,0.2983,0.7594,0.7283333333333334,0.7612631578947369,0.7685529824561403,High,Assess suitable locations for tree canopy | Evaluate cool roofs and reflective surfaces
Z137,23.36722130834795,77.28088171411422,0.3217,31.05,0.3917,0.3063,0.5565,0.2545,0.435,0.5561052631578948,0.3899055263157895,Medium,Maintain existing green cover and monitor conditions
Z138,23.17770109875816,77.49656113886961,0.3315,33.86,0.6224,0.3287,0.249,0.6686,0.5286666666666666,0.5457894736842105,0.5448072807017543,Medium,Maintain existing green cover and monitor conditions
Z139,23.19916820657207,77.39379140481533,0.1229,35.21,0.701,0.4951,0.1847,0.2683,0.5736666666666667,0.7653684210526316,0.5670801754385965,Medium,Identify feasible sites for new or expanded green space
Z140,23.282450152726867,77.26864175524017,0.2638,38.68,0.7326,0.5866,0.1331,0.6003,0.6893333333333334,0.6170526315789473,0.6641569298245613,High,Assess suitable locations for tree canopy | Evaluate cool roofs and reflective surfaces | Identify feasible sites for new or expanded green space | Implement permeable pavements and roadside bioswales
Z141,23.241027090560493,77.32743644989486,0.1324,37.72,0.8219,0.4838,0.245,0.9133,0.6573333333333333,0.7553684210526316,0.7206435087719297,High,Assess suitable locations for tree canopy | Evaluate cool roofs and reflective surfaces
Z142,23.27063436281137,77.49121013351525,0.2332,38.25,0.6371,0.6847,0.2721,0.536,0.675,0.6492631578947368,0.6435563157894737,Medium,Assess suitable locations for tree canopy | Assess shaded pedestrian and mobility corridors
Z143,23.381031162246053,77.47551789743207,0.5377,32.33,0.5469,0.3891,0.3979,0.1654,0.47766666666666663,0.3287368421052632,0.41995701754385967,Medium,Maintain existing green cover and monitor conditions
Z144,23.28622291346617,77.51274498986922,0.1598,37.14,0.5761,0.4101,0.354,0.3888,0.638,0.7265263157894737,0.5598126315789473,Medium,Maintain existing green cover and monitor conditions
Z145,23.253780152653015,77.43062634780051,0.2281,32.61,0.4306,0.1414,0.5571,0.5119,0.487,0.6546315789473685,0.44155815789473685,Medium,Maintain existing green cover and monitor conditions
Z146,23.39735997667493,77.37687178030741,0.3844,33.98,0.4992,0.3915,0.341,0.4538,0.5326666666666665,0.4901052631578947,0.48703885964912275,Medium,Maintain existing green cover and monitor conditions
Z147,23.16630391747488,77.37799049926633,0.0222,38.54,0.7089,0.4185,0.1398,0.4042,0.6846666666666666,0.8713684210526316,0.6274001754385965,Medium,Assess suitable locations for tree canopy | Evaluate cool roofs and reflective surfaces | Identify feasible sites for new or expanded green space
Z148,23.38302836209279,77.30820001334789,0.0768,40.09,0.9026,0.4491,0.1052,0.5511,0.7363333333333334,0.8138947368421052,0.7147861403508772,High,Assess suitable locations for tree canopy | Evaluate cool roofs and reflective surfaces | Identify feasible sites for new or expanded green space
Z149,23.27541546051637,77.44523968845536,0.0594,39.54,0.8856,0.4128,0.1573,0.5506,0.718,0.8322105263157895,0.700431052631579,High,Assess suitable locations for tree canopy | Evaluate cool roofs and reflective surfaces | Identify feasible sites for new or expanded green space
Z150,23.275939084441784,77.42552062682786,0.1303,40.39,0.8768,0.9597,0.138,0.8202,0.7463333333333334,0.757578947368421,0.8231595614035088,High,Assess suitable locations for tree canopy | Evaluate cool roofs and reflective surfaces | Assess shaded pedestrian and mobility corridors | Identify feasible sites for new or expanded green space | Implement permeable pavements and roadside bioswales
Z151,23.3804910835508,77.29645932342865,0.0903,38.38,0.6141,0.3456,0.2471,0.6556,0.6793333333333335,0.7996842105263158,0.6214400877192983,Medium,Assess suitable locations for tree canopy
Z152,23.276830994898265,77.51569887601362,0.2679,32.91,0.6312,0.164,0.3812,0.5776,0.4969999999999999,0.6127368421052631,0.5042636842105263,Medium,Maintain existing green cover and monitor conditions
Z153,23.259601772632536,77.36054046099318,0.0701,38.92,0.8731,0.4185,0.0335,0.6969,0.6973333333333334,0.8209473684210526,0.7117464035087719,High,Assess suitable locations for tree canopy | Evaluate cool roofs and reflective surfaces | Identify feasible sites for new or expanded green space
Z154,23.2181221480293,77.26492162965631,0.0,40.74,0.9467,0.5624,0.0,0.5089,0.7580000000000001,0.8947368421052632,0.7521436842105265,High,Assess suitable locations for tree canopy | Evaluate cool roofs and reflective surfaces | Identify feasible sites for new or expanded green space | Implement permeable pavements and roadside bioswales
Z155,23.314704191704354,77.34836427623394,0.0,40.17,0.8274,0.5926,0.0523,0.4454,0.7390000000000001,0.8947368421052632,0.7106736842105263,High,Assess suitable locations for tree canopy | Evaluate cool roofs and reflective surfaces | Identify feasible sites for new or expanded green space | Implement permeable pavements and roadside bioswales
Z156,23.29241127274494,77.51095701441348,0.4091,31.71,0.4569,0.3901,0.5918,0.4516,0.457,0.4641052631578947,0.4468405263157894,Medium,Maintain existing green cover and monitor conditions
Z157,23.203586359236944,77.52508697575854,0.1007,37.79,0.6925,0.5391,0.3247,0.3484,0.6596666666666666,0.7887368421052632,0.6160070175438597,Medium,Assess suitable locations for tree canopy
Z158,23.32735322876533,77.39711952517789,0.2317,34.77,0.6414,0.2996,0.3653,0.4259,0.559,0.6508421052631579,0.5299092105263157,Medium,Maintain existing green cover and monitor conditions
Z159,23.31102171433416,77.53690198202203,0.2213,35.79,0.8182,0.5545,0.2793,0.6752,0.593,0.6617894736842105,0.6627339473684211,High,Implement permeable pavements and roadside bioswales
Z160,23.249333471051635,77.51257254276359,0.2567,37.41,0.8655,0.3858,0.3956,0.4451,0.6469999999999999,0.6245263157894736,0.6299126315789473,Medium,Maintain existing green cover and monitor conditions
Z161,23.151100230475887,77.49756921512977,0.0461,35.4,0.6841,0.3271,0.0976,0.3386,0.58,0.8462105263157895,0.5585010526315789,Medium,Identify feasible sites for new or expanded green space
Z162,23.261645287544045,77.50791301940467,0.0,37.67,0.9269,0.4129,0.0,0.6452,0.6556666666666667,0.8947368421052632,0.7093970175438595,High,Assess suitable locations for tree canopy | Evaluate cool roofs and reflective surfaces | Identify feasible sites for new or expanded green space
Z163,23.15151452928256,77.36456262365064,0.0,39.34,0.8785,0.343,0.0416,0.6884,0.7113333333333335,0.8947368421052632,0.712775350877193,High,Assess suitable locations for tree canopy | Evaluate cool roofs and reflective surfaces | Identify feasible sites for new or expanded green space
Z164,23.16874962232476,77.47694068222667,0.0691,41.11,0.9078,0.7195,0.0,0.8838,0.7703333333333333,0.822,0.8192616666666666,High,Assess suitable locations for tree canopy | Evaluate cool roofs and reflective surfaces | Assess shaded pedestrian and mobility corridors | Identify feasible sites for new or expanded green space | Implement permeable pavements and roadside bioswales
Z165,23.25765247562021,77.42320170092285,0.4285,32.53,0.4263,0.3946,0.3799,0.4455,0.4843333333333334,0.4436842105263158,0.44647508771929834,Medium,Maintain existing green cover and monitor conditions
Z166,23.17047997104633,77.46590520052209,0.0868,39.18,0.7558,0.6219,0.1776,0.62,0.706,0.8033684210526315,0.702671842105263,High,Assess suitable locations for tree canopy | Evaluate cool roofs and reflective surfaces | Assess shaded pedestrian and mobility corridors | Identify feasible sites for new or expanded green space | Implement permeable pavements and roadside bioswales
Z167,23.21891635844679,77.30333583227423,0.3572,28.76,0.3727,0.2613,0.4116,0.177,0.35866666666666674,0.5187368421052632,0.33632701754385963,Medium,Maintain existing green cover and monitor conditions
Z168,23.31387284213974,77.46941817353249,0.2362,33.98,0.6313,0.5215,0.3469,0.3485,0.5326666666666665,0.6461052631578947,0.5393688596491227,Medium,Maintain existing green cover and monitor conditions
Z169,23.227153835652352,77.53727773025825,0.0952,41.12,0.9141,0.271,0.0782,0.5396,0.7706666666666666,0.7945263157894736,0.6993009649122806,High,Assess suitable locations for tree canopy | Evaluate cool roofs and reflective surfaces | Identify feasible sites for new or expanded green space
Z170,23.399412148530377,77.34079899671443,0.5196,30.7,0.4872,0.456,0.484,0.4678,0.4233333333333333,0.34778947368421054,0.44331561403508774,Medium,Maintain existing green cover and monitor conditions
Z171,23.379075508478746,77.54584839718669,0.4388,32.54,0.4512,0.3265,0.5173,0.4028,0.48466666666666663,0.4328421052631578,0.43511254385964904,Medium,Maintain existing green cover and monitor conditions
Z172,23.29632747614638,77.36351280444161,0.0,38.76,0.8239,0.6035,0.21,0.3302,0.692,0.8947368421052632,0.6777036842105262,High,Assess suitable locations for tree canopy | Evaluate cool roofs and reflective surfaces | Assess shaded pedestrian and mobility corridors | Implement permeable pavements and roadside bioswales
Z173,23.391736784658733,77.3099170491063,0.2814,34.73,0.5859,0.4331,0.3146,0.342,0.5576666666666665,0.5985263157894737,0.5177759649122806,Medium,Maintain existing green cover and monitor conditions
Z174,23.36700432360813,77.28368586894007,0.602,29.61,0.4986,0.1663,0.6383,0.5214,0.38699999999999996,0.2610526315789474,0.38936026315789474,Medium,Maintain existing green cover and monitor conditions
Z175,23.22972462971012,77.48548857398646,0.266,34.13,0.5756,0.1269,0.3842,0.389,0.5376666666666667,0.6147368421052631,0.47094201754385967,Medium,Maintain existing green cover and monitor conditions
Z176,23.337399061496328,77.41644762011298,0.0996,38.93,0.8775,0.4187,0.0,0.4186,0.6976666666666667,0.7898947368421052,0.6681428070175438,High,Assess suitable locations for tree canopy | Evaluate cool roofs and reflective surfaces | Identify feasible sites for new or expanded green space
Z177,23.184207946000985,77.3421393880986,0.1674,34.04,0.5113,0.4216,0.3152,0.7655,0.5346666666666666,0.7185263157894737,0.5648759649122806,Medium,Maintain existing green cover and monitor conditions
Z178,23.321137856094683,77.43253511093813,0.0,39.31,0.9045,0.6579,0.0,0.7028,0.7103333333333334,0.8947368421052632,0.768320350877193,High,Assess suitable locations for tree canopy | Evaluate cool roofs and reflective surfaces | Assess shaded pedestrian and mobility corridors | Identify feasible sites for new or expanded green space | Implement permeable pavements and roadside bioswales
Z179,23.272770456623643,77.3496303563523,0.0852,38.94,0.8905,0.3209,0.0948,0.6722,0.698,0.8050526315789474,0.6963952631578947,High,Assess suitable locations for tree canopy | Evaluate cool roofs and reflective surfaces | Identify feasible sites for new or expanded green space
Z180,23.154206484813205,77.38450732719853,0.0294,34.89,0.664,0.2582,0.2734,0.5229,0.5630000000000001,0.8637894736842104,0.566593947368421,Medium,Maintain existing green cover and monitor conditions
Z181,23.21855745559759,77.50879923772592,0.2028,35.06,0.5891,0.2583,0.3024,0.3629,0.5686666666666668,0.6812631578947368,0.507614649122807,Medium,Maintain existing green cover and monitor conditions
Z182,23.38884555435106,77.45044994305775,0.5791,34.8,0.5301,0.2844,0.6005,0.28,0.5599999999999999,0.28515789473684217,0.44170078947368413,Medium,Maintain existing green cover and monitor conditions
Z183,23.22895787127212,77.47872055191141,0.0,41.89,0.9678,0.3644,0.0822,0.9901,0.7963333333333333,0.8947368421052632,0.8133153508771929,High,Assess suitable locations for tree canopy | Evaluate cool roofs and reflective surfaces | Identify feasible sites for new or expanded green space
Z184,23.19536361382536,77.42504806544088,0.237,33.82,0.5129,0.1046,0.4866,0.4844,0.5273333333333333,0.6452631578947369,0.4656679824561404,Medium,Maintain existing green cover and monitor conditions
Z185,23.19688286164305,77.54741941466568,0.178,32.8,0.4493,0.1656,0.375,0.4343,0.49333333333333323,0.7073684210526315,0.4457135087719298,Medium,Maintain existing green cover and monitor conditions
Z186,23.269803316160488,77.32242301988727,0.1091,34.53,0.7014,0.4496,0.1539,0.6197,0.551,0.7798947368421052,0.6065844736842104,Medium,Identify feasible sites for new or expanded green space
Z187,23.360662310167637,77.32868734821564,0.0029,38.2,0.9424,0.3794,0.0527,0.5098,0.6733333333333335,0.8916842105263157,0.6938150877192983,High,Assess suitable locations for tree canopy | Evaluate cool roofs and reflective surfaces | Identify feasible sites for new or expanded green space
Z188,23.33950044128333,77.2777676816215,0.2172,40.24,0.8992,0.526,0.103,0.8627,0.7413333333333334,0.6661052631578948,0.7591821929824561,High,Assess suitable locations for tree canopy | Evaluate cool roofs and reflective surfaces | Identify feasible sites for new or expanded green space
Z189,23.259213001884444,77.41620585062121,0.3231,31.77,0.4246,0.4529,0.3035,0.2415,0.45899999999999996,0.5546315789473684,0.42642315789473684,Medium,Maintain existing green cover and monitor conditions
Z190,23.20218172085924,77.4340077709225,0.265,33.42,0.6408,0.1942,0.2873,0.4755,0.514,0.6157894736842104,0.5021339473684211,Medium,Maintain existing green cover and monitor conditions
Z191,23.161516225025547,77.46778847186964,0.473,28.99,0.2825,0.1723,0.6113,0.0,0.3663333333333333,0.3968421052631579,0.26437087719298247,Low,Maintain existing green cover and monitor conditions
Z192,23.26565757987068,77.35063377778478,0.3728,31.38,0.4516,0.4623,0.4446,0.0804,0.44599999999999995,0.5023157894736843,0.40063657894736837,Medium,Maintain existing green cover and monitor conditions
Z193,23.353693837129548,77.25367704055951,0.0431,35.59,0.7015,0.3689,0.1724,0.5609,0.5863333333333335,0.8493684210526316,0.60499850877193,Medium,Identify feasible sites for new or expanded green space
Z194,23.332420498398577,77.43966886112649,0.2299,35.82,0.7104,0.3489,0.1922,0.3921,0.594,0.6527368421052632,0.5619236842105263,Medium,Identify feasible sites for new or expanded green space
Z195,23.25215019190681,77.54960864775612,0.3508,29.43,0.2545,0.3761,0.616,0.0,0.381,0.5254736842105263,0.3059373684210526,Low,Maintain existing green cover and monitor conditions
Z196,23.2986756679794,77.338364806137,0.2734,34.82,0.7129,0.3931,0.2531,0.6071,0.5606666666666666,0.6069473684210527,0.5851830701754386,Medium,Maintain existing green cover and monitor conditions
Z197,23.259061630236552,77.3051803357407,0.4654,32.06,0.5271,0.5166,0.4624,0.7634,0.46866666666666673,0.4048421052631579,0.5282925438596491,Medium,Maintain existing green cover and monitor conditions
Z198,23.294754027447546,77.3345300873479,0.4811,31.73,0.4056,0.3417,0.6133,0.5372,0.45766666666666667,0.38831578947368417,0.43224991228070175,Medium,Maintain existing green cover and monitor conditions
Z199,23.279376311098385,77.37762464243312,0.1634,35.85,0.6814,0.3699,0.2413,0.4627,0.5950000000000001,0.7227368421052631,0.5757636842105263,Medium,Maintain existing green cover and monitor conditions
Z200,23.32024165003129,77.32527387868576,0.2029,36.28,0.6908,0.5067,0.2172,0.5425,0.6093333333333334,0.6811578947368421,0.6114624561403509,Medium,Maintain existing green cover and monitor conditions
Z201,23.27692721088328,77.35408800761026,0.0,41.74,0.9479,0.6226,0.0881,0.8575,0.7913333333333334,0.8947368421052632,0.825430350877193,High,Assess suitable locations for tree canopy | Evaluate cool roofs and reflective surfaces | Assess shaded pedestrian and mobility corridors | Identify feasible sites for new or expanded green space | Implement permeable pavements and roadside bioswales
Z202,23.385152749541888,77.44146202157381,0.3073,35.29,0.6372,0.5638,0.3695,0.6916,0.5763333333333333,0.5712631578947368,0.6064529824561403,Medium,Maintain existing green cover and monitor conditions
Z203,23.25700704539542,77.35350839605279,0.266,32.89,0.5138,0.2449,0.3698,0.318,0.49633333333333335,0.6147368421052631,0.4480753508771931,Medium,Maintain existing green cover and monitor conditions
Z204,23.153979075759928,77.3688176834351,0.1706,38.62,0.8175,0.5062,0.2342,0.6222,0.6873333333333332,0.7151578947368421,0.6857174561403508,High,Assess suitable locations for tree canopy | Evaluate cool roofs and reflective surfaces
Z205,23.209093383852245,77.26200937883978,0.3448,35.98,0.6852,0.417,0.3655,0.5605,0.5993333333333333,0.5317894736842106,0.5808706140350878,Medium,Maintain existing green cover and monitor conditions
Z206,23.27515171452666,77.52538275048686,0.2107,37.86,0.8098,0.608,0.2909,0.721,0.662,0.6729473684210526,0.7007947368421052,High,Assess suitable locations for tree canopy | Evaluate cool roofs and reflective surfaces | Assess shaded pedestrian and mobility corridors | Implement permeable pavements and roadside bioswales
Z207,23.285142962972163,77.37206578797445,0.2804,33.89,0.5906,0.2108,0.5258,0.3871,0.5296666666666667,0.5995789473684211,0.4826762280701754,Medium,Maintain existing green cover and monitor conditions
Z208,23.288096197328013,77.34844305481043,0.0283,38.78,0.8315,0.67,0.0566,0.6484,0.6926666666666667,0.8649473684210527,0.7345630701754386,High,Assess suitable locations for tree canopy | Evaluate cool roofs and reflective surfaces | Assess shaded pedestrian and mobility corridors | Identify feasible sites for new or expanded green space | Implement permeable pavements and roadside bioswales
Z209,23.32863802456752,77.27594525887362,0.3911,30.51,0.3988,0.3439,0.5124,0.5322,0.41700000000000004,0.4830526315789474,0.4253702631578947,Medium,Maintain existing green cover and monitor conditions
Z210,23.21866203565438,77.44025496461856,0.175,37.22,0.7449,0.249,0.2179,0.6906,0.6406666666666666,0.7105263157894737,0.6224509649122806,Medium,Maintain existing green cover and monitor conditions
Z211,23.316225919760367,77.50914748507913,0.209,37.46,0.686,0.6206,0.2571,0.6383,0.6486666666666667,0.6747368421052631,0.6548420175438597,Medium,Assess shaded pedestrian and mobility corridors | Implement permeable pavements and roadside bioswales
Z212,23.3260080682798,77.26234596001572,0.4598,32.46,0.3655,0.6085,0.4744,0.6293,0.48200000000000004,0.4107368421052632,0.4868186842105263,Medium,Maintain existing green cover and monitor conditions
Z213,23.252820188155205,77.29358174020982,0.0166,37.76,0.6288,0.5561,0.1669,0.4584,0.6586666666666666,0.8772631578947369,0.627634649122807,Medium,Assess suitable locations for tree canopy | Identify feasible sites for new or expanded green space
Z214,23.25054227478658,77.29391694866587,0.4832,30.21,0.2806,0.4326,0.6208,0.5199,0.40700000000000003,0.3861052631578946,0.39408552631578947,Medium,Maintain existing green cover and monitor conditions
Z215,23.19473119641411,77.43068245660434,0.2845,36.29,0.6656,0.4298,0.2074,0.5882,0.6096666666666667,0.5952631578947369,0.5920096491228071,Medium,Maintain existing green cover and monitor conditions
Z216,23.253496844063843,77.52636915081551,0.0019,38.31,0.7351,0.1885,0.2338,0.9788,0.677,0.8927368421052632,0.6850936842105263,High,Assess suitable locations for tree canopy | Evaluate cool roofs and reflective surfaces
Z217,23.34670407292675,77.38133051011965,0.046,39.41,0.8625,0.2293,0.0374,0.396,0.7136666666666666,0.8463157894736841,0.6438349122807017,Medium,Assess suitable locations for tree canopy | Evaluate cool roofs and reflective surfaces | Identify feasible sites for new or expanded green space
Z218,23.37724325138747,77.35314193445815,0.0,38.92,0.7941,0.5276,0.0651,0.5049,0.6973333333333334,0.8947368421052632,0.686940350877193,High,Assess suitable locations for tree canopy | Evaluate cool roofs and reflective surfaces | Identify feasible sites for new or expanded green space
Z219,23.29840329782949,77.479752205679,0.224,36.6,0.618,0.2952,0.3481,0.5075,0.62,0.6589473684210526,0.5577997368421053,Medium,Maintain existing green cover and monitor conditions
Z220,23.224842585838573,77.47277071852669,0.1742,35.04,0.6026,0.2351,0.3529,0.4799,0.568,0.7113684210526315,0.5278368421052632,Medium,Maintain existing green cover and monitor conditions
Z221,23.32057242966493,77.32402684178317,0.4082,32.02,0.4012,0.2606,0.5669,0.5984,0.46733333333333343,0.4650526315789474,0.43922192982456143,Medium,Maintain existing green cover and monitor conditions
Z222,23.335036552174,77.29824790869236,0.5792,33.68,0.6374,0.4991,0.5268,0.407,0.5226666666666666,0.28505263157894734,0.506703596491228,Medium,Maintain existing green cover and monitor conditions
Z223,23.233053194695163,77.3573430097246,0.049,37.49,0.7574,0.2342,0.2339,0.6487,0.6496666666666667,0.8431578947368421,0.6334841228070175,Medium,Maintain existing green cover and monitor conditions
Z224,23.356636965372385,77.48268101766799,0.0,38.83,0.8912,0.4684,0.141,0.8262,0.6943333333333332,0.8947368421052632,0.749480350877193,High,Assess suitable locations for tree canopy | Evaluate cool roofs and reflective surfaces | Identify feasible sites for new or expanded green space
Z225,23.168423958034584,77.45851901697449,0.0,39.55,0.694,0.6733,0.1523,0.6904,0.7183333333333333,0.8947368421052632,0.7189453508771928,High,Assess suitable locations for tree canopy | Assess shaded pedestrian and mobility corridors | Identify feasible sites for new or expanded green space | Implement permeable pavements and roadside bioswales
Z226,23.152688429400005,77.44975611190686,0.3849,35.81,0.5158,0.1616,0.2829,0.2057,0.5936666666666668,0.489578947368421,0.4407862280701755,Medium,Maintain existing green cover and monitor conditions
Z227,23.180742693158013,77.49882856804896,0.2315,36.81,0.7506,0.602,0.3703,0.812,0.6270000000000001,0.6510526315789473,0.6843052631578947,High,Assess shaded pedestrian and mobility corridors | Implement permeable pavements and roadside bioswales
Z228,23.18900208695688,77.33313909370241,0.1505,35.87,0.6512,0.3306,0.2041,0.6578,0.5956666666666666,0.7363157894736843,0.5931749122807017,Medium,Maintain existing green cover and monitor conditions
Z229,23.36973225823693,77.35190511764085,0.0004,38.89,0.8134,0.5847,0.0542,0.7241,0.6963333333333334,0.8943157894736842,0.7328182456140351,High,Assess suitable locations for tree canopy | Evaluate cool roofs and reflective surfaces | Identify feasible sites for new or expanded green space | Implement permeable pavements and roadside bioswales
Z230,23.25624542555532,77.26270183518275,0.1609,35.4,0.5949,0.5528,0.3405,0.5258,0.58,0.7253684210526316,0.5860518421052631,Medium,Maintain existing green cover and monitor conditions
Z231,23.218732922992597,77.51062373274107,0.2025,38.01,0.6349,0.5178,0.3014,0.5443,0.6669999999999999,0.6815789473684211,0.619647894736842,Medium,Assess suitable locations for tree canopy
Z232,23.257268778996703,77.42472892047665,0.4148,33.67,0.6287,0.5413,0.2253,0.5007,0.5223333333333334,0.4581052631578947,0.5421021929824561,Medium,Maintain existing green cover and monitor conditions
Z233,23.24871022317516,77.33943668756511,0.3093,34.19,0.6974,0.2493,0.2267,0.5769,0.5396666666666666,0.5691578947368421,0.5440791228070175,Medium,Maintain existing green cover and monitor conditions
Z234,23.225365416997004,77.2708249594348,0.2241,34.32,0.6593,0.5908,0.4126,0.5479,0.544,0.6588421052631579,0.5919142105263158,Medium,Implement permeable pavements and roadside bioswales
Z235,23.18447489560299,77.46702285094874,0.1621,35.71,0.7525,0.3274,0.1298,0.4061,0.5903333333333334,0.7241052631578948,0.5771771929824561,Medium,Identify feasible sites for new or expanded green space
Z236,23.313978865493468,77.47462125586472,0.2143,30.15,0.3695,0.2948,0.3965,0.1381,0.40499999999999997,0.6691578947368421,0.36597578947368414,Medium,Maintain existing green cover and monitor conditions
Z237,23.184151100694912,77.44985359563451,0.1279,37.0,0.6316,0.4387,0.4074,0.3758,0.6333333333333333,0.7601052631578947,0.5777521929824561,Medium,Maintain existing green cover and monitor conditions
Z238,23.34385611316817,77.31113429128402,0.3523,38.8,0.6652,0.4935,0.3338,0.5558,0.6933333333333332,0.5238947368421052,0.6187511403508771,Medium,Maintain existing green cover and monitor conditions
Z239,23.200422003320117,77.52396481755258,0.116,39.59,0.9398,0.6208,0.0,0.7151,0.7196666666666668,0.7726315789473683,0.7644814912280701,High,Assess suitable locations for tree canopy | Evaluate cool roofs and reflective surfaces | Assess shaded pedestrian and mobility corridors | Identify feasible sites for new or expanded green space | Implement permeable pavements and roadside bioswales
Z240,23.332842826783327,77.47594740570626,0.1046,35.97,0.8372,0.3755,0.0,0.6285,0.599,0.7846315789473683,0.6480131578947368,Medium,Identify feasible sites for new or expanded green space
Z241,23.351396526423866,77.44732689707519,0.134,36.24,0.6285,0.1797,0.2413,0.4972,0.6080000000000001,0.7536842105263157,0.5468284210526315,Medium,Maintain existing green cover and monitor conditions
Z242,23.18133150244361,77.44528317702654,0.0308,39.81,0.9192,0.6951,0.0632,0.6312,0.7270000000000001,0.8623157894736841,0.7694265789473684,High,Assess suitable locations for tree canopy | Evaluate cool roofs and reflective surfaces | Assess shaded pedestrian and mobility corridors | Identify feasible sites for new or expanded green space | Implement permeable pavements and roadside bioswales
Z243,23.171686442072,77.5213073100275,0.337,37.51,0.7261,0.4791,0.3494,0.7753,0.6503333333333333,0.5399999999999999,0.6513016666666667,Medium,Assess suitable locations for tree canopy | Evaluate cool roofs and reflective surfaces
Z244,23.387393192663414,77.52849213992914,0.0812,38.91,0.8121,0.6805,0.0561,0.6172,0.6969999999999998,0.8092631578947368,0.7225563157894737,High,Assess suitable locations for tree canopy | Evaluate cool roofs and reflective surfaces | Assess shaded pedestrian and mobility corridors | Identify feasible sites for new or expanded green space | Implement permeable pavements and roadside bioswales
Z245,23.265761701688145,77.42869122540307,0.0448,38.5,0.858,0.5147,0.1123,0.5784,0.6833333333333333,0.847578947368421,0.7023895614035087,High,Assess suitable locations for tree canopy | Evaluate cool roofs and reflective surfaces | Identify feasible sites for new or expanded green space
Z246,23.307558873743247,77.37500082328876,0.0,39.49,0.936,0.34,0.1219,0.7189,0.7163333333333334,0.8947368421052632,0.7330253508771931,High,Assess suitable locations for tree canopy | Evaluate cool roofs and reflective surfaces | Identify feasible sites for new or expanded green space
Z247,23.15581511003044,77.35912019386782,0.0239,39.18,0.7003,0.5897,0.0167,0.2921,0.706,0.869578947368421,0.6414028947368421,Medium,Assess suitable locations for tree canopy | Evaluate cool roofs and reflective surfaces | Identify feasible sites for new or expanded green space | Implement permeable pavements and roadside bioswales
Z248,23.219677545139085,77.49572365232422,0.242,38.09,0.9112,0.4919,0.1788,0.5511,0.6696666666666667,0.64,0.6826333333333334,High,Assess suitable locations for tree canopy | Evaluate cool roofs and reflective surfaces | Identify feasible sites for new or expanded green space
Z249,23.27634941363985,77.4433816019503,0.1075,34.18,0.5045,0.3822,0.303,0.5454,0.5393333333333333,0.781578947368421,0.5321895614035088,Medium,Maintain existing green cover and monitor conditions
Z250,23.37155457834735,77.2731798090761,0.1881,37.51,0.8442,0.4107,0.1656,0.3486,0.6503333333333333,0.6967368421052631,0.622235350877193,Medium,Assess suitable locations for tree canopy | Evaluate cool roofs and reflective surfaces | Identify feasible sites for new or expanded green space
Z251,23.217859854391094,77.29265580390451,0.2151,36.16,0.7436,0.7221,0.2426,0.7943,0.6053333333333332,0.6683157894736842,0.6920582456140351,High,Assess shaded pedestrian and mobility corridors | Implement permeable pavements and roadside bioswales
Z252,23.34379782996468,77.52005576853145,0.3159,36.09,0.7497,0.3221,0.3212,0.757,0.6030000000000001,0.5622105263157894,0.616561052631579,Medium,Maintain existing green cover and monitor conditions
Z253,23.315553232064676,77.51534944443135,0.3981,30.92,0.5772,0.3135,0.4145,0.3693,0.4306666666666667,0.4756842105263158,0.4450217543859649,Medium,Maintain existing green cover and monitor conditions
Z254,23.178817691951437,77.53554973460925,0.0,39.79,0.9098,0.5676,0.0,0.7316,0.7263333333333333,0.8947368421052632,0.766020350877193,High,Assess suitable locations for tree canopy | Evaluate cool roofs and reflective surfaces | Identify feasible sites for new or expanded green space | Implement permeable pavements and roadside bioswales
Z255,23.223343793198,77.3783552901985,0.0,39.39,0.8113,0.3214,0.0819,0.735,0.713,0.8947368421052632,0.7003086842105262,High,Assess suitable locations for tree canopy | Evaluate cool roofs and reflective surfaces | Identify feasible sites for new or expanded green space
Z256,23.20946600910965,77.48521827229222,0.1176,38.11,0.7481,0.5143,0.2279,0.5074,0.6703333333333333,0.7709473684210526,0.6519914035087719,Medium,Assess suitable locations for tree canopy | Evaluate cool roofs and reflective surfaces
Z257,23.26063189689332,77.4984675081943,0.2916,37.0,0.6591,0.6704,0.2703,0.6932,0.6333333333333333,0.5877894736842104,0.6497606140350877,Medium,Assess shaded pedestrian and mobility corridors | Implement permeable pavements and roadside bioswales
Z258,23.308833560761894,77.34470907175145,0.399,30.22,0.3453,0.1614,0.6043,0.1469,0.40733333333333327,0.4747368421052631,0.32261035087719303,Low,Maintain existing green cover and monitor conditions
Z259,23.25835493887713,77.29360131336814,0.0828,40.81,0.8541,0.583,0.2029,0.5866,0.7603333333333334,0.8075789473684211,0.7358395614035088,High,Assess suitable locations for tree canopy | Evaluate cool roofs and reflective surfaces | Implement permeable pavements and roadside bioswales
Z260,23.21113414393795,77.54910790849175,0.2111,33.27,0.4548,0.0,0.5243,0.153,0.5090000000000001,0.6725263157894736,0.3820526315789474,Medium,Maintain existing green cover and monitor conditions
Z261,23.323969692057062,77.2590657611254,0.2331,38.91,0.8841,0.53,0.0771,0.7143,0.6969999999999998,0.6493684210526316,0.7165568421052632,High,Assess suitable locations for tree canopy | Evaluate cool roofs and reflective surfaces | Identify feasible sites for new or expanded green space
Z262,23.29611777367787,77.42920077561344,0.0826,40.08,0.857,0.4712,0.0,0.8057,0.736,0.8077894736842105,0.744163947368421,High,Assess suitable locations for tree canopy | Evaluate cool roofs and reflective surfaces | Identify feasible sites for new or expanded green space
Z263,23.27982847685392,77.44506368225451,0.1747,38.1,0.7931,0.3552,0.1303,0.5371,0.67,0.7108421052631579,0.6377042105263158,Medium,Assess suitable locations for tree canopy | Evaluate cool roofs and reflective surfaces | Identify feasible sites for new or expanded green space
Z264,23.28860489936149,77.4545368025909,0.4509,32.19,0.4935,0.4945,0.4722,0.229,0.4729999999999999,0.42010526315789465,0.43946052631578947,Medium,Maintain existing green cover and monitor conditions
Z265,23.205475161573453,77.32668832319072,0.3181,30.67,0.4631,0.2525,0.3473,0.1786,0.4223333333333334,0.5598947368421052,0.3842461403508772,Medium,Maintain existing green cover and monitor conditions
Z266,23.320107765273114,77.46647377328965,0.198,37.1,0.7253,0.4205,0.2966,0.5995,0.6366666666666667,0.6863157894736842,0.6257899122807017,Medium,Maintain existing green cover and monitor conditions
Z267,23.24687513388469,77.31491986898438,0.2126,37.3,0.7476,0.4008,0.3054,0.8254,0.6433333333333332,0.6709473684210526,0.6630914035087718,High,Maintain existing green cover and monitor conditions
Z268,23.240866954932503,77.4987114767255,0.4042,30.73,0.3138,0.0,0.596,0.2473,0.42433333333333334,0.4692631578947368,0.31098798245614034,Low,Maintain existing green cover and monitor conditions
Z269,23.18743355206669,77.3157350022254,0.2635,34.0,0.7041,0.2561,0.0,0.4285,0.5333333333333333,0.6173684210526316,0.5271185087719298,Medium,Identify feasible sites for new or expanded green space
Z270,23.29920933363761,77.45901180872282,0.3728,30.32,0.3521,0.3974,0.4229,0.4255,0.4106666666666667,0.5023157894736843,0.40542491228070177,Medium,Maintain existing green cover and monitor conditions
Z271,23.300666102636622,77.4850240457502,0.3692,32.82,0.5701,0.026,0.554,0.3126,0.494,0.5061052631578948,0.4168255263157895,Medium,Maintain existing green cover and monitor conditions
Z272,23.23507516091663,77.30668372513865,0.187,36.04,0.7154,0.3209,0.1872,0.4527,0.6013333333333333,0.6978947368421052,0.5751461403508772,Medium,Identify feasible sites for new or expanded green space
Z273,23.364962514216383,77.32139594628978,0.1493,30.01,0.3738,0.1917,0.3338,0.1284,0.4003333333333334,0.7375789473684211,0.3553395614035088,Medium,Maintain existing green cover and monitor conditions
Z274,23.36136447467885,77.48373112162031,0.5778,32.55,0.475,0.5902,0.5698,0.6438,0.48499999999999993,0.28652631578947374,0.5022526315789473,Medium,Maintain existing green cover and monitor conditions
Z275,23.177263576620607,77.27579969149049,0.179,33.56,0.6171,0.5124,0.3268,0.1174,0.5186666666666667,0.7063157894736842,0.5009099122807018,Medium,Maintain existing green cover and monitor conditions
Z276,23.32375959695248,77.30722828574,0.4197,31.39,0.5503,0.2635,0.4928,0.5157,0.44633333333333336,0.45294736842105254,0.45596640350877193,Medium,Maintain existing green cover and monitor conditions
Z277,23.248458689046256,77.38665927185697,0.3367,37.63,0.6716,0.6281,0.3068,0.4904,0.6543333333333334,0.5403157894736842,0.6187232456140351,Medium,Assess suitable locations for tree canopy | Assess shaded pedestrian and mobility corridors | Implement permeable pavements and roadside bioswales
Z278,23.39992871276572,77.52905457862343,0.1616,40.47,0.8609,0.405,0.1641,0.5562,0.749,0.7246315789473684,0.6940181578947369,High,Assess suitable locations for tree canopy | Evaluate cool roofs and reflective surfaces | Identify feasible sites for new or expanded green space
Z279,23.206255907421163,77.4185633504679,0.1612,36.96,0.8047,0.6541,0.2023,0.9002,0.632,0.7250526315789474,0.7280252631578946,High,Assess shaded pedestrian and mobility corridors | Implement permeable pavements and roadside bioswales
Z280,23.220131051353626,77.36630335446247,0.2793,33.82,0.6456,0.1876,0.371,0.3271,0.5273333333333333,0.6007368421052632,0.48324535087719295,Medium,Maintain existing green cover and monitor conditions
Z281,23.26052657363893,77.54351106666674,0.2836,37.89,0.8142,0.6696,0.3856,0.5539,0.663,0.5962105263157894,0.6787460526315788,High,Assess suitable locations for tree canopy | Evaluate cool roofs and reflective surfaces | Assess shaded pedestrian and mobility corridors | Implement permeable pavements and roadside bioswales
Z282,23.21717878717017,77.38911339186639,0.1893,38.8,0.7268,0.3848,0.3293,0.5127,0.6933333333333332,0.6954736842105262,0.6285390350877191,Medium,Assess suitable locations for tree canopy | Evaluate cool roofs and reflective surfaces
Z283,23.322998341596627,77.38012049210624,0.0451,35.79,0.6729,0.2555,0.12,0.5297,0.593,0.8472631578947368,0.5782813157894736,Medium,Identify feasible sites for new or expanded green space
Z284,23.27022702804537,77.37349329506631,0.5575,29.54,0.4101,0.2408,0.5461,0.24,0.38466666666666666,0.3078947368421052,0.34006780701754385,Medium,Maintain existing green cover and monitor conditions
Z285,23.205219708712384,77.34365402178204,0.3045,37.06,0.6396,0.4461,0.4205,0.2592,0.6353333333333334,0.5742105263157895,0.5454827192982455,Medium,Maintain existing green cover and monitor conditions
Z286,23.27659351737164,77.34770844292127,0.2086,35.37,0.691,0.3509,0.3829,0.3725,0.579,0.6751578947368422,0.5514257894736841,Medium,Maintain existing green cover and monitor conditions
Z287,23.37219694159126,77.45635111797885,0.2841,33.67,0.4232,0.3714,0.4476,0.539,0.5223333333333334,0.5956842105263158,0.48474508771929825,Medium,Maintain existing green cover and monitor conditions
Z288,23.348098911712512,77.26225067920257,0.3193,34.54,0.8088,0.4016,0.279,0.5969,0.5513333333333333,0.5586315789473684,0.6008048245614035,Medium,Maintain existing green cover and monitor conditions
Z289,23.274707231106703,77.4545450176939,0.3605,34.78,0.6496,0.5065,0.3906,0.5841,0.5593333333333333,0.5152631578947369,0.5732829824561403,Medium,Maintain existing green cover and monitor conditions
Z290,23.222123150785485,77.31036134943776,0.5055,31.08,0.5976,0.4494,0.5993,0.4317,0.43599999999999994,0.3626315789473684,0.47042815789473674,Medium,Maintain existing green cover and monitor conditions
Z291,23.194971616175632,77.36526240096134,0.0,39.32,0.9448,0.5599,0.0,0.6079,0.7106666666666667,0.8947368421052632,0.7495770175438596,High,Assess suitable locations for tree canopy | Evaluate cool roofs and reflective surfaces | Identify feasible sites for new or expanded green space | Implement permeable pavements and roadside bioswales
Z292,23.36959571929672,77.2939616917681,0.0906,40.21,0.8881,0.4678,0.0444,0.9014,0.7403333333333334,0.7993684210526316,0.7664585087719299,High,Assess suitable locations for tree canopy | Evaluate cool roofs and reflective surfaces | Identify feasible sites for new or expanded green space
Z293,23.327541735124672,77.41582531322175,0.3586,30.39,0.3006,0.2396,0.5639,0.212,0.41300000000000003,0.5172631578947369,0.33916631578947365,Medium,Maintain existing green cover and monitor conditions
Z294,23.293040825786864,77.46880513348565,0.0,40.52,0.9327,0.651,0.0082,0.6558,0.7506666666666668,0.8947368421052632,0.7814020175438596,High,Assess suitable locations for tree canopy | Evaluate cool roofs and reflective surfaces | Assess shaded pedestrian and mobility corridors | Identify feasible sites for new or expanded green space | Implement permeable pavements and roadside bioswales
Z295,23.36985866148841,77.35639667281691,0.1195,39.2,0.86,0.8529,0.03,0.8936,0.7066666666666668,0.7689473684210526,0.8012030701754386,High,Assess suitable locations for tree canopy | Evaluate cool roofs and reflective surfaces | Assess shaded pedestrian and mobility corridors | Identify feasible sites for new or expanded green space | Implement permeable pavements and roadside bioswales
Z296,23.18042257184352,77.29902497326208,0.1123,36.49,0.636,0.5501,0.0331,0.4108,0.6163333333333334,0.7765263157894737,0.5965042982456141,Medium,Identify feasible sites for new or expanded green space
Z297,23.320622321500515,77.31795167457935,0.0737,37.99,0.6793,0.5798,0.2291,0.4633,0.6663333333333334,0.8171578947368421,0.6412224561403509,Medium,Assess suitable locations for tree canopy | Implement permeable pavements and roadside bioswales
Z298,23.204178078103308,77.49543387555767,0.3089,35.47,0.4247,0.7777,0.526,0.4508,0.5823333333333333,0.569578947368421,0.5512245614035087,Medium,Assess shaded pedestrian and mobility corridors
Z299,23.180144360253998,77.33029462051796,0.2894,30.25,0.5051,0.4103,0.3714,0.4057,0.4083333333333333,0.5901052631578947,0.45060219298245613,Medium,Maintain existing green cover and monitor conditions
Z300,23.26640212750173,77.48241077790337,0.648,29.77,0.482,0.3926,0.6339,0.4263,0.3923333333333333,0.2126315789473684,0.4019148245614034,Medium,Maintain existing green cover and monitor conditions
Z301,23.24684823244109,77.34935982204186,0.0,39.27,0.7718,0.5871,0.1953,0.9236,0.7090000000000001,0.8947368421052632,0.7571786842105264,High,Assess suitable locations for tree canopy | Evaluate cool roofs and reflective surfaces | Identify feasible sites for new or expanded green space | Implement permeable pavements and roadside bioswales
Z302,23.385293402331296,77.30661976630289,0.35,33.86,0.6465,0.2441,0.4296,0.4993,0.5286666666666666,0.5263157894736843,0.5107999122807018,Medium,Maintain existing green cover and monitor conditions
Z303,23.230994886687952,77.46819256788822,0.0311,38.57,0.7661,0.4004,0.2249,0.2031,0.6856666666666666,0.862,0.6082333333333332,Medium,Assess suitable locations for tree canopy | Evaluate cool roofs and reflective surfaces
Z304,23.353725564763,77.39056350884256,0.1303,37.99,0.7933,0.4053,0.2583,0.6263,0.6663333333333334,0.757578947368421,0.6620395614035088,High,Assess suitable locations for tree canopy | Evaluate cool roofs and reflective surfaces
Z305,23.337206750117083,77.25938317538244,0.0822,38.97,0.8468,0.6194,0.1581,0.6686,0.699,0.8082105263157895,0.730371052631579,High,Assess suitable locations for tree canopy | Evaluate cool roofs and reflective surfaces | Assess shaded pedestrian and mobility corridors | Identify feasible sites for new or expanded green space | Implement permeable pavements and roadside bioswales
Z306,23.31698096751463,77.53798272580332,0.5897,28.0,0.1701,0.1157,0.8423,0.1375,0.3333333333333333,0.274,0.22457166666666667,Low,Maintain existing green cover and monitor conditions
Z307,23.38010011824001,77.29432603352163,0.1425,36.5,0.6994,0.4568,0.2611,0.5707,0.6166666666666667,0.7447368421052631,0.6192820175438597,Medium,Maintain existing green cover and monitor conditions
Z308,23.25198114859533,77.35602209293593,0.151,40.37,0.8226,0.6764,0.2004,0.6584,0.7456666666666666,0.7357894736842105,0.7404322807017544,High,Assess suitable locations for tree canopy | Evaluate cool roofs and reflective surfaces | Assess shaded pedestrian and mobility corridors | Implement permeable pavements and roadside bioswales
Z309,23.247417796495714,77.36543839049871,0.0437,39.36,0.8907,0.678,0.1296,0.696,0.712,0.8487368421052631,0.7628486842105263,High,Assess suitable locations for tree canopy | Evaluate cool roofs and reflective surfaces | Assess shaded pedestrian and mobility corridors | Identify feasible sites for new or expanded green space | Implement permeable pavements and roadside bioswales
Z310,23.19023685589537,77.39682896977753,0.0,39.03,0.8206,0.4754,0.1237,0.7031,0.7010000000000001,0.8947368421052632,0.7167486842105264,High,Assess suitable locations for tree canopy | Evaluate cool roofs and reflective surfaces | Identify feasible sites for new or expanded green space
Z311,23.218940518873765,77.48563320670026,0.4173,32.38,0.5154,0.2263,0.4524,0.2845,0.47933333333333344,0.45547368421052636,0.41878403508771933,Medium,Maintain existing green cover and monitor conditions
Z312,23.36994411401521,77.25182708390254,0.4606,36.76,0.6584,0.5938,0.5138,0.4013,0.6253333333333333,0.4098947368421052,0.5737211403508771,Medium,Implement permeable pavements and roadside bioswales
Z313,23.26859553322784,77.52974161540082,0.1038,40.02,0.9376,0.6895,0.026,1.0,0.7340000000000001,0.7854736842105263,0.8232723684210528,High,Assess suitable locations for tree canopy | Evaluate cool roofs and reflective surfaces | Assess shaded pedestrian and mobility corridors | Identify feasible sites for new or expanded green space | Implement permeable pavements and roadside bioswales
Z314,23.23533833054768,77.4437968380609,0.3619,30.11,0.2399,0.0,0.688,0.0366,0.4036666666666667,0.5137894736842106,0.2581272807017544,Low,Maintain existing green cover and monitor conditions
Z315,23.204028013770543,77.53519466374468,0.2431,38.83,0.8136,0.4474,0.2842,0.615,0.6943333333333332,0.6388421052631579,0.6696608771929824,High,Assess suitable locations for tree canopy | Evaluate cool roofs and reflective surfaces
Z316,23.271240062560903,77.49521686122495,0.3044,36.4,0.7626,0.4959,0.3158,0.3572,0.6133333333333333,0.5743157894736842,0.590713245614035,Medium,Maintain existing green cover and monitor conditions
Z317,23.32916634261613,77.52835146542496,0.0445,38.5,0.7698,0.598,0.1969,0.6288,0.6833333333333333,0.8478947368421053,0.7004261403508771,High,Assess suitable locations for tree canopy | Evaluate cool roofs and reflective surfaces | Identify feasible sites for new or expanded green space | Implement permeable pavements and roadside bioswales
Z318,23.221673006364263,77.4303001652807,0.1006,35.52,0.5632,0.5054,0.133,0.3243,0.5840000000000001,0.7888421052631579,0.5485392105263158,Medium,Identify feasible sites for new or expanded green space
Z319,23.33942913020316,77.35719269486316,0.3252,33.27,0.5324,0.3882,0.4491,0.3501,0.5090000000000001,0.5524210526315789,0.4772371052631579,Medium,Maintain existing green cover and monitor conditions
Z320,23.307446943681228,77.38287421893408,0.1944,38.14,0.723,0.5413,0.0135,0.7259,0.6713333333333333,0.6901052631578948,0.6748071929824562,High,Assess suitable locations for tree canopy | Evaluate cool roofs and reflective surfaces | Identify feasible sites for new or expanded green space
Z321,23.346890640634925,77.44740969311523,0.4005,37.07,0.8465,0.5258,0.2774,0.7102,0.6356666666666667,0.473157894736842,0.6668241228070175,High,Maintain existing green cover and monitor conditions
Z322,23.21272740721873,77.3780795579299,0.3357,29.56,0.2322,0.0699,0.6696,0.2421,0.3853333333333333,0.5413684210526316,0.2938535087719298,Low,Maintain existing green cover and monitor conditions
Z323,23.30775703618326,77.46950183504033,0.5041,32.8,0.718,0.4031,0.3397,0.2659,0.49333333333333323,0.3641052631578947,0.48892719298245607,Medium,Maintain existing green cover and monitor conditions
Z324,23.18843381987221,77.277554404824,0.0,38.02,0.8251,0.5069,0.0584,0.8973,0.6673333333333334,0.8947368421052632,0.7399453508771929,High,Assess suitable locations for tree canopy | Evaluate cool roofs and reflective surfaces | Identify feasible sites for new or expanded green space
Z325,23.24094924554116,77.49899599469546,0.4708,31.51,0.2327,0.1724,0.497,0.004,0.45033333333333336,0.39915789473684216,0.2821674561403509,Low,Maintain existing green cover and monitor conditions
Z326,23.3310900237107,77.3112565918926,0.2551,35.53,0.7827,0.1788,0.2108,0.7436,0.5843333333333334,0.6262105263157896,0.6011727192982456,Medium,Maintain existing green cover and monitor conditions
Z327,23.307917096394984,77.53318428285742,0.3759,28.36,0.2502,0.124,0.6339,0.3344,0.3453333333333333,0.4990526315789473,0.3020819298245614,Low,Maintain existing green cover and monitor conditions
Z328,23.196965181334377,77.29666373998118,0.5545,29.04,0.1497,0.1413,0.6736,0.2118,0.368,0.31105263157894736,0.25029526315789474,Low,Maintain existing green cover and monitor conditions
Z329,23.36458566802313,77.28874925883072,0.3088,33.43,0.5087,0.2848,0.426,0.2482,0.5143333333333333,0.5696842105263158,0.44411008771929816,Medium,Maintain existing green cover and monitor conditions
Z330,23.163337745586293,77.49356283317621,0.6091,31.11,0.4571,0.2619,0.7382,0.3625,0.437,0.253578947368421,0.3862428947368421,Medium,Maintain existing green cover and monitor conditions
Z331,23.29880392212916,77.4956105483109,0.3766,33.33,0.5435,0.427,0.4714,0.3622,0.5109999999999999,0.49831578947368416,0.4829365789473683,Medium,Maintain existing green cover and monitor conditions
Z332,23.3959551250579,77.47162782596438,0.2723,36.97,0.884,0.3635,0.2036,0.6256,0.6323333333333333,0.6081052631578947,0.6514921929824561,Medium,Maintain existing green cover and monitor conditions
Z333,23.282876182960685,77.53815913917141,0.106,38.72,0.9448,0.3091,0.1313,0.6067,0.6906666666666667,0.783157894736842,0.6936191228070175,High,Assess suitable locations for tree canopy | Evaluate cool roofs and reflective surfaces | Identify feasible sites for new or expanded green space
Z334,23.350167954989853,77.33116188860562,0.162,36.95,0.8936,0.4858,0.2384,0.3518,0.6316666666666667,0.7242105263157894,0.6425443859649123,Medium,Maintain existing green cover and monitor conditions
Z335,23.298795243297278,77.49799462169709,0.4538,31.74,0.4378,0.4131,0.4589,0.5342,0.45799999999999996,0.41705263157894734,0.4535502631578947,Medium,Maintain existing green cover and monitor conditions
Z336,23.345772078730747,77.35561215901302,0.058,39.81,0.7831,0.7507,0.0,0.6454,0.7270000000000001,0.8336842105263158,0.7430084210526315,High,Assess suitable locations for tree canopy | Evaluate cool roofs and reflective surfaces | Assess shaded pedestrian and mobility corridors | Identify feasible sites for new or expanded green space | Implement permeable pavements and roadside bioswales
Z337,23.31389853383882,77.4112195876708,0.1809,40.71,0.8088,0.62,0.1436,0.5676,0.757,0.7043157894736842,0.7157215789473683,High,Assess suitable locations for tree canopy | Evaluate cool roofs and reflective surfaces | Assess shaded pedestrian and mobility corridors | Identify feasible sites for new or expanded green space | Implement permeable pavements and roadside bioswales
Z338,23.32278300363438,77.3836800089104,0.046,39.26,0.9192,0.3206,0.1499,0.5476,0.7086666666666666,0.8463157894736841,0.6926949122807017,High,Assess suitable locations for tree canopy | Evaluate cool roofs and reflective surfaces | Identify feasible sites for new or expanded green space
Z339,23.206952787771595,77.25175500680209,0.0903,32.47,0.5804,0.332,0.2597,0.485,0.4823333333333333,0.7996842105263158,0.5164350877192982,Medium,Maintain existing green cover and monitor conditions
Z340,23.33545522839323,77.42233865806175,0.1521,36.13,0.6516,0.4495,0.2785,0.3693,0.6043333333333334,0.7346315789473684,0.5706998245614034,Medium,Maintain existing green cover and monitor conditions
Z341,23.20947747166608,77.47425176632919,0.0955,40.4,0.6714,0.4477,0.2101,0.1765,0.7466666666666666,0.7942105263157895,0.6022343859649123,Medium,Assess suitable locations for tree canopy
Z342,23.395160068785646,77.30236571507258,0.4129,35.74,0.6524,0.4951,0.4457,0.5763,0.5913333333333334,0.4601052631578947,0.5767871929824562,Medium,Maintain existing green cover and monitor conditions
Z343,23.2069467977403,77.52949675856792,0.4575,30.74,0.5236,0.1912,0.4799,0.4398,0.42466666666666664,0.41315789473684206,0.4154991228070175,Medium,Maintain existing green cover and monitor conditions
Z344,23.209171000899413,77.40911986182554,0.2492,36.34,0.6615,0.4242,0.3529,0.473,0.6113333333333334,0.632421052631579,0.5771637719298246,Medium,Maintain existing green cover and monitor conditions
Z345,23.364668280120963,77.30347380094533,0.5812,29.14,0.3859,0.3295,0.5841,0.1417,0.37133333333333335,0.2829473684210526,0.325416403508772,Low,Maintain existing green cover and monitor conditions
Z346,23.210746465490704,77.44378427127506,0.4668,30.53,0.4781,0.4451,0.4399,0.4115,0.4176666666666667,0.4033684210526316,0.43453517543859643,Medium,Maintain existing green cover and monitor conditions
Z347,23.240225698372814,77.3075768125546,0.5239,28.0,0.2395,0.0528,0.6661,0.0,0.3333333333333333,0.3432631578947368,0.21878798245614034,Low,Maintain existing green cover and monitor conditions
Z348,23.32866004029476,77.2690600044886,0.0,39.6,0.8612,0.4684,0.0,0.4797,0.7200000000000001,0.8947368421052632,0.6989886842105264,High,Assess suitable locations for tree canopy | Evaluate cool roofs and reflective surfaces | Identify feasible sites for new or expanded green space
Z349,23.18968714504869,77.45559457272577,0.4198,28.0,0.3314,0.0,0.3497,0.0862,0.3333333333333333,0.4528421052631578,0.25773087719298243,Low,Maintain existing green cover and monitor conditions
Z350,23.18976793870688,77.28320846499165,0.3489,30.49,0.4608,0.204,0.4733,0.4541,0.4163333333333333,0.5274736842105263,0.4123790350877193,Medium,Maintain existing green cover and monitor conditions
Z351,23.27158960581665,77.28186523451294,0.1097,38.92,0.8859,0.4533,0.1294,0.5905,0.6973333333333334,0.7792631578947369,0.7000379824561404,High,Assess suitable locations for tree canopy | Evaluate cool roofs and reflective surfaces | Identify feasible sites for new or expanded green space
Z352,23.21092418855818,77.47198306895454,0.2255,35.41,0.7353,0.2913,0.3459,0.4468,0.5803333333333333,0.6573684210526316,0.5633935087719298,Medium,Maintain existing green cover and monitor conditions
Z353,23.20891448889226,77.26656066996242,0.2455,36.16,0.6602,0.4396,0.4459,0.7992,0.6053333333333332,0.6363157894736842,0.6263682456140349,Medium,Maintain existing green cover and monitor conditions
Z354,23.152309730354627,77.49293075371439,0.34,30.34,0.4209,0.2726,0.6492,0.3736,0.41133333333333333,0.5368421052631578,0.3998058771929824,Medium,Maintain existing green cover and monitor conditions
Z355,23.242612397799487,77.48884462759435,0.0633,39.14,0.8937,0.1801,0.0,0.6321,0.7046666666666667,0.8281052631578947,0.6746988596491228,High,Assess suitable locations for tree canopy | Evaluate cool roofs and reflective surfaces | Identify feasible sites for new or expanded green space
Z356,23.2295626386546,77.29241802842333,0.0376,37.01,0.7767,0.5116,0.1546,0.5384,0.6336666666666666,0.8551578947368421,0.6589741228070176,Medium,Identify feasible sites for new or expanded green space
Z357,23.157788952706667,77.40551419418308,0.7003,31.18,0.438,0.1424,0.5257,0.2089,0.4393333333333333,0.15757894736842104,0.3317195614035087,Medium,Maintain existing green cover and monitor conditions
Z358,23.305308294553413,77.27898764729068,0.4583,29.06,0.4086,0.3524,0.7559,0.0053,0.36866666666666664,0.4123157894736842,0.3260699122807017,Low,Maintain existing green cover and monitor conditions
Z359,23.306663795500835,77.4397713659358,0.0628,37.24,0.8784,0.328,0.2514,0.7544,0.6413333333333334,0.8286315789473684,0.6892898245614035,High,Maintain existing green cover and monitor conditions
Z360,23.16770011794341,77.26887900389116,0.4778,32.06,0.4622,0.309,0.569,0.4218,0.46866666666666673,0.39178947368421047,0.4283822807017544,Medium,Maintain existing green cover and monitor conditions
Z361,23.22926039072736,77.53334425689683,0.6943,28.0,0.1051,0.0625,0.7219,0.0518,0.3333333333333333,0.1638947368421052,0.17647614035087716,Low,Maintain existing green cover and monitor conditions
Z362,23.368201382998848,77.31231922061087,0.2552,34.19,0.5059,0.3767,0.3317,0.3771,0.5396666666666666,0.6261052631578947,0.49103885964912275,Medium,Maintain existing green cover and monitor conditions
Z363,23.29554176706114,77.45486839678459,0.4439,32.84,0.4863,0.3374,0.5156,0.4865,0.49466666666666675,0.42747368421052623,0.461040701754386,Medium,Maintain existing green cover and monitor conditions
Z364,23.252993681002994,77.28848742731313,0.0374,35.17,0.5226,0.2966,0.2957,0.1545,0.5723333333333334,0.8553684210526316,0.48416850877192974,Medium,Maintain existing green cover and monitor conditions
Z365,23.266275482116026,77.31287893449803,0.131,34.02,0.6602,0.1673,0.2649,0.3495,0.5340000000000001,0.7568421052631579,0.5051542105263158,Medium,Maintain existing green cover and monitor conditions
Z366,23.20206999860895,77.385284894665,0.1142,34.61,0.6389,0.1651,0.2954,0.2542,0.5536666666666666,0.7745263157894737,0.4938559649122807,Medium,Maintain existing green cover and monitor conditions
Z367,23.35297037517698,77.42192884240245,0.2412,31.81,0.5119,0.2381,0.5742,0.6324,0.4603333333333333,0.6408421052631579,0.48375087719298243,Medium,Maintain existing green cover and monitor conditions
Z368,23.37850117636274,77.5496589721175,0.0542,38.03,0.8916,0.5391,0.0567,0.8011,0.6676666666666667,0.8376842105263158,0.7413817543859649,High,Assess suitable locations for tree canopy | Evaluate cool roofs and reflective surfaces | Identify feasible sites for new or expanded green space
Z369,23.37766601056251,77.25777786842728,0.0686,31.95,0.2535,0.0921,0.3906,0.0,0.46499999999999997,0.8225263157894737,0.32219263157894734,Low,Maintain existing green cover and monitor conditions
Z370,23.205983597923076,77.25009432589323,0.3147,30.31,0.3583,0.3471,0.5959,0.0747,0.41033333333333327,0.5634736842105263,0.35280903508771927,Medium,Maintain existing green cover and monitor conditions
Z371,23.22768506694411,77.35511012841448,0.382,29.62,0.2343,0.1342,0.5809,0.1543,0.38733333333333336,0.4926315789473684,0.2866798245614035,Low,Maintain existing green cover and monitor conditions
Z372,23.190155693702383,77.35984691034072,0.1145,34.57,0.695,0.2779,0.2635,0.4156,0.5523333333333333,0.7742105263157895,0.5485127192982455,Medium,Maintain existing green cover and monitor conditions
Z373,23.22680028340808,77.51515117082958,0.1362,38.68,0.8384,0.4666,0.1287,0.421,0.6893333333333334,0.7513684210526316,0.6591435087719298,Medium,Assess suitable locations for tree canopy | Evaluate cool roofs and reflective surfaces | Identify feasible sites for new or expanded green space
Z374,23.23320134303065,77.5237747643092,0.1946,36.02,0.7105,0.4769,0.2187,0.8373,0.6006666666666668,0.6898947368421053,0.6539778070175439,Medium,Maintain existing green cover and monitor conditions
Z375,23.30827643426616,77.5141574929078,0.299,38.47,0.7642,0.5223,0.2795,0.6359,0.6823333333333333,0.58,0.6615966666666666,High,Assess suitable locations for tree canopy | Evaluate cool roofs and reflective surfaces
Z376,23.19741159538703,77.29295362514581,0.1067,39.47,0.7703,0.7742,0.042,0.727,0.7156666666666667,0.7824210526315789,0.7464804385964912,High,Assess suitable locations for tree canopy | Evaluate cool roofs and reflective surfaces | Assess shaded pedestrian and mobility corridors | Identify feasible sites for new or expanded green space | Implement permeable pavements and roadside bioswales
Z377,23.37984923109193,77.37363145055433,0.3627,34.54,0.5492,0.2451,0.3314,0.287,0.5513333333333333,0.5129473684210526,0.4613764035087719,Medium,Maintain existing green cover and monitor conditions
Z378,23.175774867521326,77.4737655486885,0.2137,35.76,0.7449,0.448,0.2852,0.6673,0.592,0.6697894736842105,0.627698947368421,Medium,Maintain existing green cover and monitor conditions
Z379,23.15171950275858,77.34378332033528,0.231,35.41,0.6129,0.4553,0.2676,0.4245,0.5803333333333333,0.651578947368421,0.5534695614035088,Medium,Maintain existing green cover and monitor conditions
Z380,23.36373628215763,77.44897140855316,0.3496,29.64,0.3425,0.2347,0.398,0.2217,0.388,0.5267368421052632,0.3425586842105263,Medium,Maintain existing green cover and monitor conditions
Z381,23.32594245194151,77.32114285895733,0.1754,37.19,0.8257,0.424,0.215,0.693,0.6396666666666666,0.7101052631578948,0.6688688596491228,High,Maintain existing green cover and monitor conditions
Z382,23.238839967589,77.34702577738824,0.1666,36.56,0.8084,0.2467,0.2752,0.3024,0.6186666666666667,0.7193684210526315,0.5729351754385965,Medium,Maintain existing green cover and monitor conditions
Z383,23.298874926477527,77.50812889480454,0.1524,35.45,0.7035,0.3552,0.2475,0.7505,0.5816666666666668,0.7343157894736843,0.6187449122807017,Medium,Maintain existing green cover and monitor conditions
Z384,23.205886025209807,77.3251527108267,0.0,35.76,0.7236,0.2762,0.0388,0.5306,0.592,0.8947368421052632,0.5985936842105264,Medium,Identify feasible sites for new or expanded green space
Z385,23.192097412161345,77.53929722606546,0.2791,32.98,0.7114,0.165,0.3159,0.6603,0.49933333333333324,0.6009473684210527,0.5365064035087719,Medium,Maintain existing green cover and monitor conditions
Z386,23.26778728378468,77.34187786828106,0.0475,34.05,0.7155,0.3162,0.0758,0.347,0.5349999999999999,0.8447368421052631,0.5500786842105263,Medium,Identify feasible sites for new or expanded green space
Z387,23.23829695743024,77.25705843294698,0.2684,31.51,0.5112,0.1636,0.4463,0.2092,0.45033333333333336,0.6122105263157893,0.40255771929824563,Medium,Maintain existing green cover and monitor conditions
Z388,23.30380751263382,77.32647027114078,0.0814,37.92,0.6641,0.5086,0.1968,0.3513,0.664,0.8090526315789474,0.6083152631578947,Medium,Assess suitable locations for tree canopy | Identify feasible sites for new or expanded green space
Z389,23.204537296140256,77.30136148267303,0.1273,32.4,0.474,0.4069,0.3311,0.4237,0.4799999999999999,0.7607368421052632,0.48716368421052625,Medium,Maintain existing green cover and monitor conditions
Z390,23.315731925140152,77.40204808986526,0.2899,32.7,0.6468,0.2611,0.2561,0.4632,0.4900000000000001,0.589578947368421,0.5008028947368421,Medium,Maintain existing green cover and monitor conditions
Z391,23.3417153800757,77.28381481989835,0.2117,37.92,0.6587,0.3706,0.2718,0.4182,0.664,0.6718947368421053,0.5825844736842105,Medium,Assess suitable locations for tree canopy
Z392,23.19165903575712,77.43781466317363,0.0,38.42,0.9208,0.2591,0.0029,0.4652,0.6806666666666668,0.8947368421052632,0.6665520175438597,High,Assess suitable locations for tree canopy | Evaluate cool roofs and reflective surfaces | Identify feasible sites for new or expanded green space
Z393,23.16096457085448,77.51246972116695,0.3392,35.03,0.664,0.3361,0.3444,0.2925,0.5676666666666667,0.5376842105263158,0.5127417543859649,Medium,Maintain existing green cover and monitor conditions
Z394,23.25989684382533,77.35875566454112,0.3312,32.12,0.3401,0.3009,0.5163,0.272,0.47066666666666657,0.5461052631578946,0.39030385964912273,Medium,Maintain existing green cover and monitor conditions
Z395,23.343506021498108,77.30054781579162,0.0939,39.05,0.7474,0.5931,0.3127,0.5269,0.7016666666666665,0.7958947368421052,0.6800228070175437,High,Assess suitable locations for tree canopy | Evaluate cool roofs and reflective surfaces | Implement permeable pavements and roadside bioswales
Z396,23.31269495889353,77.37000749873532,0.1977,36.16,0.8832,0.4217,0.1274,0.5325,0.6053333333333332,0.6866315789473685,0.6444598245614035,Medium,Identify feasible sites for new or expanded green space
Z397,23.32547043010365,77.48579004643518,0.0,39.76,0.8348,0.6774,0.0707,0.9023,0.7253333333333333,0.8947368421052632,0.788995350877193,High,Assess suitable locations for tree canopy | Evaluate cool roofs and reflective surfaces | Assess shaded pedestrian and mobility corridors | Identify feasible sites for new or expanded green space | Implement permeable pavements and roadside bioswales
Z398,23.25070983499834,77.42744630222388,0.1245,33.05,0.6387,0.1588,0.2205,0.4106,0.5016666666666666,0.7636842105263157,0.4970367543859649,Medium,Maintain existing green cover and monitor conditions
Z399,23.208736386313262,77.28034296399828,0.0732,39.58,0.6977,0.2341,0.0922,0.6677,0.7193333333333333,0.8176842105263158,0.6432300877192982,Medium,Assess suitable locations for tree canopy | Identify feasible sites for new or expanded green space
Z400,23.282944710821152,77.41115614629811,0.5474,28.08,0.3548,0.3587,0.5775,0.2226,0.33599999999999997,0.31852631578947366,0.3253476315789473,Low,Maintain existing green cover and monitor conditions
Z401,23.201091423437298,77.39042561443668,0.4372,29.21,0.2756,0.469,0.5803,0.3193,0.3736666666666667,0.43452631578947365,0.3613809649122807,Medium,Maintain existing green cover and monitor conditions
Z402,23.331557174246264,77.34813367680634,0.0,37.54,0.7688,0.5518,0.0,0.5909,0.6513333333333333,0.8947368421052632,0.681045350877193,High,Assess suitable locations for tree canopy | Evaluate cool roofs and reflective surfaces | Identify feasible sites for new or expanded green space | Implement permeable pavements and roadside bioswales
Z403,23.19924161398987,77.283048178816,0.2411,33.4,0.6441,0.3978,0.2489,0.2313,0.5133333333333333,0.6409473684210526,0.49915140350877185,Medium,Maintain existing green cover and monitor conditions
Z404,23.222815816678583,77.54433358068609,0.0,41.11,0.9477,0.22,0.0,0.8378,0.7703333333333333,0.8947368421052632,0.7546853508771931,High,Assess suitable locations for tree canopy | Evaluate cool roofs and reflective surfaces | Identify feasible sites for new or expanded green space
Z405,23.27663619458075,77.30281299596798,0.5741,34.12,0.581,0.0459,0.5137,0.3398,0.5373333333333332,0.2904210526315789,0.42021377192982445,Medium,Maintain existing green cover and monitor conditions
Z406,23.27167748353587,77.30782286723722,0.1013,35.77,0.6405,0.423,0.1353,0.602,0.5923333333333335,0.7881052631578948,0.6000021929824562,Medium,Identify feasible sites for new or expanded green space
Z407,23.300212344101755,77.29367480763067,0.0,35.63,0.6868,0.3704,0.1221,0.3919,0.5876666666666668,0.8947368421052632,0.5812020175438597,Medium,Identify feasible sites for new or expanded green space
Z408,23.259361150124978,77.42105791160968,0.3851,29.99,0.5825,0.1934,0.4659,0.3731,0.3996666666666666,0.48936842105263156,0.41942017543859644,Medium,Maintain existing green cover and monitor conditions
Z409,23.37986832712752,77.38310087234481,0.5171,33.28,0.6535,0.4199,0.4302,0.367,0.5093333333333334,0.35042105263157897,0.49471877192982455,Medium,Maintain existing green cover and monitor conditions
Z410,23.359983523549296,77.32486715460797,0.3709,33.32,0.5778,0.3862,0.2844,0.6286,0.5106666666666667,0.5043157894736843,0.5258349122807017,Medium,Maintain existing green cover and monitor conditions
Z411,23.36977836280916,77.37882701490646,0.2119,38.22,0.8805,0.6854,0.0384,0.7464,0.6739999999999999,0.6716842105263158,0.7379634210526315,High,Assess suitable locations for tree canopy | Evaluate cool roofs and reflective surfaces | Assess shaded pedestrian and mobility corridors | Identify feasible sites for new or expanded green space | Implement permeable pavements and roadside bioswales
Z412,23.30737914285086,77.45205655531852,0.1328,37.24,0.7042,0.4592,0.3131,0.5923,0.6413333333333334,0.7549473684210526,0.633736403508772,Medium,Maintain existing green cover and monitor conditions
Z413,23.3087519789652,77.3345101594496,0.2159,35.46,0.5306,0.5384,0.1663,0.6567,0.5820000000000001,0.6674736842105262,0.5823623684210527,Medium,Identify feasible sites for new or expanded green space
Z414,23.302299670928985,77.52457373280912,0.0478,36.52,0.5928,0.3773,0.16,0.6235,0.6173333333333334,0.844421052631579,0.5988287719298245,Medium,Identify feasible sites for new or expanded green space
Z415,23.25872103860536,77.3419038711533,0.3649,31.4,0.4297,0.2679,0.4567,0.4396,0.4466666666666666,0.5106315789473684,0.4209464912280702,Medium,Maintain existing green cover and monitor conditions
Z416,23.230526500266816,77.30945370924685,0.3189,32.1,0.4824,0.4856,0.5949,0.1976,0.47000000000000003,0.5590526315789472,0.44348526315789477,Medium,Maintain existing green cover and monitor conditions
Z417,23.298000721862216,77.53637035406184,0.1155,36.76,0.6665,0.26,0.2399,0.3606,0.6253333333333333,0.773157894736842,0.5558974561403508,Medium,Maintain existing green cover and monitor conditions
Z418,23.15638295928461,77.49316818303545,0.1602,37.88,0.6544,0.8602,0.3038,0.4571,0.6626666666666667,0.7261052631578948,0.6657388596491227,High,Assess suitable locations for tree canopy | Assess shaded pedestrian and mobility corridors | Implement permeable pavements and roadside bioswales
Z419,23.15186410785595,77.35294128745304,0.496,33.18,0.4963,0.383,0.5415,0.5027,0.506,0.3726315789473684,0.4712931578947368,Medium,Maintain existing green cover and monitor conditions
Z420,23.362910456574184,77.50242955534316,0.3244,38.75,0.8645,0.5864,0.3258,0.6909,0.6916666666666667,0.5532631578947369,0.7051296491228071,High,Assess suitable locations for tree canopy | Evaluate cool roofs and reflective surfaces | Implement permeable pavements and roadside bioswales
Z421,23.161606011194404,77.40564427474614,0.1515,35.63,0.7379,0.5398,0.1651,0.3691,0.5876666666666668,0.7352631578947368,0.600019649122807,Medium,Identify feasible sites for new or expanded green space
Z422,23.281198787583357,77.35402574947832,0.0889,35.81,0.6468,0.7061,0.2986,0.5363,0.5936666666666668,0.8011578947368421,0.6359591228070176,Medium,Assess shaded pedestrian and mobility corridors
Z423,23.30374694073741,77.50188347686176,0.3288,34.35,0.6498,0.5342,0.4799,0.2993,0.545,0.5486315789473685,0.5330881578947368,Medium,Maintain existing green cover and monitor conditions
Z424,23.199542807405606,77.47564952005933,0.099,32.8,0.5486,0.0949,0.2315,0.3449,0.49333333333333323,0.7905263157894736,0.454839298245614,Medium,Maintain existing green cover and monitor conditions
Z425,23.373932709566287,77.33936245279293,0.2648,39.5,0.8419,0.7376,0.2371,0.4413,0.7166666666666667,0.616,0.6997433333333333,High,Assess suitable locations for tree canopy | Evaluate cool roofs and reflective surfaces | Assess shaded pedestrian and mobility corridors | Implement permeable pavements and roadside bioswales
Z426,23.19752394293709,77.43200355457739,0.1178,40.37,0.9634,0.5253,0.0,0.7887,0.7456666666666666,0.7707368421052632,0.7760070175438596,High,Assess suitable locations for tree canopy | Evaluate cool roofs and reflective surfaces | Identify feasible sites for new or expanded green space
Z427,23.371128746841663,77.36081706705593,0.2343,38.94,0.8103,0.5128,0.1715,0.6711,0.698,0.6481052631578947,0.6892705263157894,High,Assess suitable locations for tree canopy | Evaluate cool roofs and reflective surfaces | Identify feasible sites for new or expanded green space
Z428,23.340747567333256,77.25031559176811,0.0,40.69,0.9664,0.3768,0.0043,0.9602,0.7563333333333333,0.8947368421052632,0.7963403508771929,High,Assess suitable locations for tree canopy | Evaluate cool roofs and reflective surfaces | Identify feasible sites for new or expanded green space
Z429,23.21018573838105,77.53854472242008,0.0,37.77,0.653,0.4933,0.1991,0.6423,0.6590000000000001,0.8947368421052632,0.6537136842105264,Medium,Assess suitable locations for tree canopy | Identify feasible sites for new or expanded green space
Z430,23.187686041569023,77.41488872282186,0.0,40.77,0.8546,0.4158,0.0253,0.5533,0.7590000000000001,0.8947368421052632,0.7141386842105264,High,Assess suitable locations for tree canopy | Evaluate cool roofs and reflective surfaces | Identify feasible sites for new or expanded green space
Z431,23.22905817754656,77.42952978049973,0.6592,28.0,0.2214,0.1878,0.6894,0.3025,0.3333333333333333,0.20084210526315782,0.26564587719298244,Low,Maintain existing green cover and monitor conditions
Z432,23.24948764156757,77.42996742770319,0.1732,37.44,0.7824,0.4349,0.2845,0.3685,0.6479999999999999,0.712421052631579,0.6141521052631578,Medium,Maintain existing green cover and monitor conditions
Z433,23.21144616912473,77.41519243824582,0.1085,40.1,0.6968,0.7412,0.2448,0.459,0.7366666666666667,0.7805263157894736,0.6901159649122806,High,Assess suitable locations for tree canopy | Assess shaded pedestrian and mobility corridors | Implement permeable pavements and roadside bioswales
Z434,23.39972288718861,77.33701435343208,0.5976,30.44,0.3286,0.5479,0.5777,0.3841,0.4146666666666667,0.26568421052631574,0.3936517543859649,Medium,Maintain existing green cover and monitor conditions
Z435,23.20741308405989,77.54147283747241,0.3948,33.95,0.6463,0.4129,0.3578,0.1673,0.5316666666666667,0.4791578947368421,0.4826041228070176,Medium,Maintain existing green cover and monitor conditions
Z436,23.357658706745717,77.43650052375459,0.0024,39.58,0.9379,0.5761,0.0,0.7012,0.7193333333333333,0.8922105263157895,0.7670577192982456,High,Assess suitable locations for tree canopy | Evaluate cool roofs and reflective surfaces | Identify feasible sites for new or expanded green space | Implement permeable pavements and roadside bioswales
Z437,23.189779436772618,77.4512764081662,0.3258,34.06,0.53,0.2818,0.4735,0.2354,0.5353333333333334,0.5517894736842106,0.4526256140350877,Medium,Maintain existing green cover and monitor conditions
Z438,23.395061156318985,77.38643782719511,0.1431,40.9,0.8512,0.6951,0.2084,0.6997,0.7633333333333333,0.7441052631578947,0.7635971929824562,High,Assess suitable locations for tree canopy | Evaluate cool roofs and reflective surfaces | Assess shaded pedestrian and mobility corridors | Implement permeable pavements and roadside bioswales
Z439,23.206380864570768,77.33635842014723,0.5326,31.38,0.5065,0.276,0.6798,0.2113,0.44599999999999995,0.3341052631578948,0.3892305263157894,Medium,Maintain existing green cover and monitor conditions
Z440,23.25542213869589,77.26930469465248,0.2276,39.4,0.8497,0.4499,0.0901,0.686,0.7133333333333333,0.6551578947368422,0.6979924561403508,High,Assess suitable locations for tree canopy | Evaluate cool roofs and reflective surfaces | Identify feasible sites for new or expanded green space
Z441,23.289641016691974,77.35506905897037,0.1435,35.87,0.7872,0.6396,0.135,0.6351,0.5956666666666666,0.7436842105263157,0.6708567543859649,High,Assess shaded pedestrian and mobility corridors | Identify feasible sites for new or expanded green space | Implement permeable pavements and roadside bioswales
Z442,23.18007142878902,77.30282922878052,0.4296,32.25,0.5304,0.2556,0.476,0.5922,0.475,0.44252631578947366,0.47027263157894733,Medium,Maintain existing green cover and monitor conditions
Z443,23.354205016869773,77.4486264804771,0.24,38.46,0.9033,0.5408,0.1641,0.6782,0.682,0.6421052631578947,0.7115855263157894,High,Assess suitable locations for tree canopy | Evaluate cool roofs and reflective surfaces | Identify feasible sites for new or expanded green space
Z444,23.218671383170207,77.51370116544082,0.2043,31.1,0.4331,0.0352,0.4283,0.1534,0.4366666666666667,0.6796842105263158,0.3573667543859649,Medium,Maintain existing green cover and monitor conditions
Z445,23.28731747540041,77.3408264574737,0.2455,39.4,0.6858,0.5399,0.2267,0.5094,0.7133333333333333,0.6363157894736842,0.6421432456140349,Medium,Assess suitable locations for tree canopy
Z446,23.28740845267331,77.34986478762421,0.1377,39.17,0.8015,0.8014,0.2228,0.4796,0.7056666666666668,0.7497894736842106,0.7144872807017544,High,Assess suitable locations for tree canopy | Evaluate cool roofs and reflective surfaces | Assess shaded pedestrian and mobility corridors | Implement permeable pavements and roadside bioswales
Z447,23.30066016308145,77.4511093511487,0.0968,32.8,0.3561,0.3613,0.4645,0.3649,0.49333333333333323,0.7928421052631579,0.4499058771929824,Medium,Maintain existing green cover and monitor conditions
Z448,23.16387149663108,77.29478143027237,0.2075,32.28,0.2924,0.4447,0.5604,0.3751,0.47600000000000003,0.6763157894736842,0.4303015789473684,Medium,Maintain existing green cover and monitor conditions
Z449,23.19215469045789,77.52883122800331,0.073,34.53,0.7363,0.3196,0.2331,0.8921,0.551,0.8178947368421052,0.6404694736842105,Medium,Maintain existing green cover and monitor conditions
Z450,23.19029806073084,77.35915403430765,0.3351,34.25,0.6749,0.459,0.376,0.4264,0.5416666666666666,0.5419999999999999,0.5453183333333333,Medium,Maintain existing green cover and monitor conditions
Z451,23.22551281485396,77.28035983377804,0.2494,34.91,0.5556,0.2047,0.3173,0.3443,0.5636666666666665,0.6322105263157893,0.4817543859649122,Medium,Maintain existing green cover and monitor conditions
Z452,23.186228539214586,77.30240520147619,0.111,35.24,0.6381,0.3645,0.1234,0.3876,0.5746666666666668,0.7778947368421052,0.5512628070175438,Medium,Identify feasible sites for new or expanded green space
Z453,23.38048033019357,77.52982382280224,0.4435,30.21,0.3849,0.3852,0.3312,0.359,0.40700000000000003,0.4278947368421052,0.3930944736842106,Medium,Maintain existing green cover and monitor conditions
Z454,23.278238612627824,77.32413578651071,0.115,35.93,0.4724,0.3261,0.3225,0.4222,0.5976666666666667,0.7736842105263158,0.5168967543859648,Medium,Maintain existing green cover and monitor conditions
Z455,23.30589378692567,77.44868064114938,0.2007,35.05,0.5264,0.1135,0.2713,0.3362,0.5683333333333332,0.6834736842105263,0.46631903508771927,Medium,Maintain existing green cover and monitor conditions
Z456,23.239372043849528,77.29684956706149,0.2409,35.29,0.6517,0.198,0.2806,0.6034,0.5763333333333333,0.6411578947368421,0.5489674561403509,Medium,Maintain existing green cover and monitor conditions
Z457,23.21906153525848,77.30823050770464,0.0,38.02,0.8442,0.2933,0.0136,0.4873,0.6673333333333334,0.8947368421052632,0.651180350877193,Medium,Assess suitable locations for tree canopy | Evaluate cool roofs and reflective surfaces | Identify feasible sites for new or expanded green space
Z458,23.27579429255805,77.51377146566999,0.1888,35.51,0.6256,0.4727,0.248,0.6414,0.5836666666666666,0.696,0.5973983333333333,Medium,Maintain existing green cover and monitor conditions
Z459,23.223580743708705,77.29440996603077,0.0,38.49,0.7391,0.7867,0.1443,0.7209,0.683,0.8947368421052632,0.7394386842105263,High,Assess suitable locations for tree canopy | Evaluate cool roofs and reflective surfaces | Assess shaded pedestrian and mobility corridors | Identify feasible sites for new or expanded green space | Implement permeable pavements and roadside bioswales
Z460,23.23591148143244,77.25562517602089,0.3842,33.0,0.5667,0.5797,0.3243,0.4831,0.5,0.49031578947368426,0.5251265789473685,Medium,Maintain existing green cover and monitor conditions
Z461,23.263187718567718,77.40036995685789,0.0992,36.83,0.8931,0.2379,0.2231,0.5481,0.6276666666666666,0.7903157894736842,0.6398899122807018,Medium,Maintain existing green cover and monitor conditions
Z462,23.27643342179609,77.50881804397888,0.6243,30.03,0.4173,0.5069,0.5615,0.7411,0.401,0.2375789473684211,0.4556328947368421,Medium,Maintain existing green cover and monitor conditions
Z463,23.396078502945457,77.34779731362468,0.2497,34.09,0.6051,0.5326,0.3373,0.3737,0.5363333333333334,0.6318947368421053,0.5381261403508772,Medium,Maintain existing green cover and monitor conditions
Z464,23.20583064704048,77.28844868119371,0.4364,28.28,0.4225,0.0351,0.4448,0.307,0.34266666666666673,0.4353684210526315,0.3204101754385965,Low,Maintain existing green cover and monitor conditions
Z465,23.271994041220665,77.5446692488697,0.1415,37.07,0.7187,0.3968,0.1957,0.4179,0.6356666666666667,0.7457894736842106,0.5989422807017544,Medium,Identify feasible sites for new or expanded green space
Z466,23.18737793487233,77.45302158884682,0.1735,38.28,0.7616,0.6441,0.2355,0.8858,0.676,0.7121052631578948,0.7276955263157895,High,Assess suitable locations for tree canopy | Evaluate cool roofs and reflective surfaces | Assess shaded pedestrian and mobility corridors | Implement permeable pavements and roadside bioswales
Z467,23.23749980817699,77.50520718958445,0.1637,39.41,0.7204,0.5343,0.2961,0.6988,0.7136666666666666,0.7224210526315789,0.6870904385964912,High,Assess suitable locations for tree canopy | Evaluate cool roofs and reflective surfaces
Z468,23.3293276796766,77.47564148169867,0.0522,37.25,0.83,0.2971,0.0537,0.4705,0.6416666666666667,0.8397894736842105,0.6312022807017544,Medium,Identify feasible sites for new or expanded green space
Z469,23.193615535940143,77.45947268219676,0.5568,28.28,0.1808,0.2472,0.6999,0.2472,0.34266666666666673,0.3086315789473685,0.27015649122807023,Low,Maintain existing green cover and monitor conditions
Z470,23.295337826887508,77.36536922013927,0.2532,30.04,0.2408,0.0,0.4421,0.1832,0.4013333333333333,0.6282105263157896,0.2909677192982456,Low,Maintain existing green cover and monitor conditions
Z471,23.254175255892,77.3473019979611,0.2233,35.16,0.655,0.3746,0.3144,0.4092,0.5719999999999998,0.6596842105263158,0.5474884210526315,Medium,Maintain existing green cover and monitor conditions
Z472,23.16289488610112,77.46508757876835,0.2372,36.82,0.6219,0.5741,0.3976,0.6304,0.6273333333333333,0.6450526315789473,0.6202219298245614,Medium,Maintain existing green cover and monitor conditions
Z473,23.38326881036961,77.46501390245317,0.2459,39.99,0.9421,0.5711,0.0212,0.7664,0.7330000000000001,0.6358947368421053,0.7562894736842105,High,Assess suitable locations for tree canopy | Evaluate cool roofs and reflective surfaces | Identify feasible sites for new or expanded green space | Implement permeable pavements and roadside bioswales
Z474,23.25340078507322,77.53517651521473,0.4243,32.85,0.534,0.2639,0.5777,0.4188,0.49500000000000005,0.4481052631578947,0.45396552631578946,Medium,Maintain existing green cover and monitor conditions
Z475,23.34598163393779,77.4205979453545,0.4951,30.39,0.3621,0.3915,0.4541,0.3088,0.41300000000000003,0.373578947368421,0.37747789473684207,Medium,Maintain existing green cover and monitor conditions
Z476,23.25407837218295,77.3383863317363,0.0881,39.2,0.8568,0.6772,0.1435,0.748,0.7066666666666668,0.802,0.7555133333333334,High,Assess suitable locations for tree canopy | Evaluate cool roofs and reflective surfaces | Assess shaded pedestrian and mobility corridors | Identify feasible sites for new or expanded green space | Implement permeable pavements and roadside bioswales
Z477,23.384340080394693,77.39685863979915,0.2573,34.18,0.6329,0.6077,0.3084,0.5661,0.5393333333333333,0.6238947368421053,0.5854511403508772,Medium,Assess shaded pedestrian and mobility corridors
Z478,23.222617583607224,77.43411414501777,0.1256,34.96,0.5839,0.5111,0.3436,0.487,0.5653333333333334,0.7625263157894737,0.569809298245614,Medium,Maintain existing green cover and monitor conditions
Z479,23.253057662421924,77.37801893987307,0.3867,30.16,0.3098,0.3934,0.5753,0.1881,0.4053333333333333,0.4876842105263157,0.35531008771929823,Medium,Maintain existing green cover and monitor conditions
Z480,23.33971606006482,77.48733993700786,0.0806,38.86,0.9191,0.6728,0.0794,0.9737,0.6953333333333334,0.8098947368421052,0.8011061403508772,High,Assess suitable locations for tree canopy | Evaluate cool roofs and reflective surfaces | Assess shaded pedestrian and mobility corridors | Identify feasible sites for new or expanded green space | Implement permeable pavements and roadside bioswales
Z481,23.23591682882021,77.42538396366476,0.5909,30.95,0.4217,0.3244,0.5764,0.1766,0.43166666666666664,0.27273684210526317,0.35893201754385967,Medium,Maintain existing green cover and monitor conditions
Z482,23.241089267833797,77.2528307182883,0.4909,32.58,0.4269,0.2991,0.6249,0.3951,0.48599999999999993,0.378,0.418755,Medium,Maintain existing green cover and monitor conditions
Z483,23.398705793353557,77.4209519664696,0.1824,37.95,0.9307,0.5239,0.0587,0.6414,0.6650000000000001,0.7027368421052631,0.7104936842105263,High,Assess suitable locations for tree canopy | Evaluate cool roofs and reflective surfaces | Identify feasible sites for new or expanded green space
Z484,23.288903631422585,77.44008113578256,0.402,32.88,0.5659,0.1672,0.4505,0.6453,0.4960000000000001,0.471578947368421,0.48410789473684207,Medium,Maintain existing green cover and monitor conditions
Z485,23.322345113417537,77.52457837546322,0.2537,34.92,0.7748,0.3233,0.1212,0.4102,0.5640000000000001,0.6276842105263157,0.5638934210526316,Medium,Identify feasible sites for new or expanded green space
Z486,23.310865558538403,77.37411650209926,0.5148,28.35,0.2733,0.1552,0.6943,0.0925,0.34500000000000003,0.35284210526315785,0.2615142105263158,Low,Maintain existing green cover and monitor conditions
Z487,23.35698103678914,77.4223402977814,0.3012,36.27,0.8129,0.5357,0.0829,0.4762,0.6090000000000001,0.5776842105263158,0.6259284210526316,Medium,Identify feasible sites for new or expanded green space
Z488,23.365456274860435,77.39249923521432,0.1682,39.34,0.7883,0.7141,0.289,0.7,0.7113333333333335,0.7176842105263157,0.7299250877192982,High,Assess suitable locations for tree canopy | Evaluate cool roofs and reflective surfaces | Assess shaded pedestrian and mobility corridors | Implement permeable pavements and roadside bioswales
Z489,23.290814033117577,77.40949692854066,0.2596,35.41,0.7326,0.4463,0.4483,0.3452,0.5803333333333333,0.6214736842105263,0.5671390350877192,Medium,Maintain existing green cover and monitor conditions
Z490,23.2236390187416,77.2701912212007,0.1398,37.21,0.5765,0.5276,0.3477,0.406,0.6403333333333333,0.747578947368421,0.5830395614035088,Medium,Maintain existing green cover and monitor conditions
Z491,23.15570006189374,77.51918510025993,0.3587,33.71,0.5451,0.5225,0.1674,0.1348,0.5236666666666667,0.517157894736842,0.4698691228070176,Medium,Identify feasible sites for new or expanded green space
Z492,23.30360081276608,77.52312370194949,0.4325,29.88,0.3856,0.225,0.4675,0.3237,0.39599999999999996,0.43947368421052635,0.3612523684210526,Medium,Maintain existing green cover and monitor conditions
Z493,23.356367208316403,77.41441788295279,0.2302,35.26,0.7315,0.5474,0.3515,0.5007,0.5753333333333333,0.652421052631579,0.6066987719298246,Medium,Maintain existing green cover and monitor conditions
Z494,23.262634951377912,77.41696665471629,0.2825,37.37,0.8179,0.4609,0.2101,0.3828,0.6456666666666666,0.5973684210526315,0.6167501754385964,Medium,Maintain existing green cover and monitor conditions
Z495,23.191176535122715,77.26726681078318,0.2734,37.94,0.7083,0.6511,0.2728,0.7506,0.6646666666666666,0.6069473684210527,0.6806580701754386,High,Assess suitable locations for tree canopy | Evaluate cool roofs and reflective surfaces | Assess shaded pedestrian and mobility corridors | Implement permeable pavements and roadside bioswales
Z496,23.222020518233908,77.42938515393593,0.3744,37.59,0.8397,0.6136,0.2371,0.4611,0.6530000000000001,0.5006315789473683,0.6497431578947369,Medium,Evaluate cool roofs and reflective surfaces | Implement permeable pavements and roadside bioswales
Z497,23.277497232377964,77.37874553696375,0.1385,37.66,0.597,0.1879,0.391,0.5247,0.6553333333333332,0.7489473684210526,0.5604014035087719,Medium,Assess suitable locations for tree canopy
Z498,23.359170304744413,77.46271308907033,0.229,38.62,0.7424,0.4841,0.3408,0.4613,0.6873333333333332,0.6536842105263158,0.6333450877192981,Medium,Assess suitable locations for tree canopy | Evaluate cool roofs and reflective surfaces
Z499,23.192938286517105,77.26413747497867,0.0791,40.42,0.9115,0.815,0.1671,0.9909,0.7473333333333334,0.8114736842105263,0.8414740350877192,High,Assess suitable locations for tree canopy | Evaluate cool roofs and reflective surfaces | Assess shaded pedestrian and mobility corridors | Identify feasible sites for new or expanded green space | Implement permeable pavements and roadside bioswales
Z500,23.30303746892738,77.46326630481884,0.2111,33.76,0.5383,0.3171,0.5446,0.5147,0.5253333333333333,0.6725263157894736,0.510464298245614,Medium,Maintain existing green cover and monitor conditions
